race_id,pred_dem_share,p_dem_win,lo_80,hi_80,asof
HOU_AK_01_2026,0.4531028310267656,0.1413249112170451,0.3971628301465493,0.5090428319069819,2026-09-29
HOU_AL_01_2026,0.3911412078627015,0.0063176016693133,0.3352012069824852,0.4470812087429178,2026-09-29
HOU_AL_02_2026,0.5235136660033736,0.704947493074795,0.4675736651231573,0.5794536668835899,2026-09-29
HOU_AL_03_2026,0.3081727128834801,5.547643700754001e-06,0.2522327120032637,0.3641127137636964,2026-09-29
HOU_AL_04_2026,0.2201857623338232,7.2581163301777e-11,0.1642457614536069,0.2761257632140396,2026-09-29
HOU_AL_05_2026,0.3861369563644763,0.0045465565968855,0.3301969554842601,0.4420769572446927,2026-09-29
HOU_AL_06_2026,0.3617454126133114,0.0007692309906252,0.3058054117330951,0.4176854134935277,2026-09-29
HOU_AL_07_2026,0.6672020328284181,0.999936057753016,0.6112620319482018,0.7231420337086344,2026-09-29
HOU_AR_01_2026,0.3099466433381102,6.683560119014054e-06,0.2540066424578939,0.3658866442183265,2026-09-29
HOU_AR_02_2026,0.442370551776253,0.0933748167545616,0.3864305508960367,0.4983105526564693,2026-09-29
HOU_AR_03_2026,0.3983770765014246,0.0099528749038406,0.3424370756212083,0.4543170773816409,2026-09-29
HOU_AR_04_2026,0.3348703662256642,7.74684878470655e-05,0.2789303653454478,0.3908103671058805,2026-09-29
HOU_AZ_01_2026,0.5368695947105707,0.8008496789744638,0.4809295938303544,0.592809595590787,2026-09-29
HOU_AZ_02_2026,0.4511515075266724,0.1315510008189342,0.3952115066464561,0.5070915084068887,2026-09-29
HOU_AZ_03_2026,1.0,1.0,1.0,1.0,2026-09-29
HOU_AZ_04_2026,0.6150484774622909,0.9958016921324758,0.5591084765820745,0.6709884783425072,2026-09-29
HOU_AZ_05_2026,0.4599697095023525,0.1795530510982417,0.4040297086221362,0.5159097103825688,2026-09-29
HOU_AZ_06_2026,0.5078285855521066,0.5711678320772855,0.4518885846718903,0.5637685864323229,2026-09-29
HOU_AZ_07_2026,0.6923031487614351,0.9999947241792952,0.6363631478812188,0.7482431496416514,2026-09-29
HOU_AZ_08_2026,0.4402418352306968,0.0854959818830363,0.3843018343504805,0.4961818361109131,2026-09-29
HOU_AZ_09_2026,0.3770012145231309,0.0024174871168769,0.3210612136429147,0.4329412154033473,2026-09-29
HOU_CA_01_2026,0.5729318332370341,0.9526217926670318,0.5169918323568178,0.6288718341172505,2026-09-29
HOU_CA_02_2026,0.7004632288527338,0.9999978100706388,0.6445232279725175,0.7564032297329502,2026-09-29
HOU_CA_03_2026,0.6342956228950282,0.9989532301235806,0.5783556220148118,0.6902356237752446,2026-09-29
HOU_CA_04_2026,1.0,1.0,1.0,1.0,2026-09-29
HOU_CA_05_2026,0.4227686202525895,0.0384198960788082,0.3668286193723732,0.4787086211328059,2026-09-29
HOU_CA_06_2026,0.5554586182589268,0.8980508701168758,0.4995186173787105,0.6113986191391432,2026-09-29
HOU_CA_07_2026,1.0,1.0,1.0,1.0,2026-09-29
HOU_CA_08_2026,0.7435697389002474,0.999999987976512,0.687629738020031,0.7995097397804636,2026-09-29
HOU_CA_09_2026,0.6399722003498448,0.9993286149121702,0.5840321994696285,0.6959122012300611,2026-09-29
HOU_CA_10_2026,0.7415297188774226,0.9999999842869078,0.6855897179972062,0.7974697197576388,2026-09-29
HOU_CA_11_2026,1.0,1.0,1.0,1.0,2026-09-29
HOU_CA_12_2026,1.0,1.0,1.0,1.0,2026-09-29
HOU_CA_13_2026,0.5893264858701532,0.9796422571894572,0.5333864849899369,0.6452664867503696,2026-09-29
HOU_CA_14_2026,1.0,1.0,1.0,1.0,2026-09-29
HOU_CA_15_2026,0.8077860213578597,0.999999999999113,0.7518460204776435,0.863726022238076,2026-09-29
HOU_CA_16_2026,0.8088503796306378,0.9999999999992558,0.7529103787504215,0.8647903805108541,2026-09-29
HOU_CA_17_2026,0.7683160687423382,0.9999999996050868,0.7123760678621218,0.8242560696225545,2026-09-29
HOU_CA_18_2026,0.7178477473081096,0.9999996992891454,0.6619077464278934,0.773787748188326,2026-09-29
HOU_CA_19_2026,0.745787151968535,0.9999999910330332,0.6898471510883186,0.8017271528487513,2026-09-29
HOU_CA_20_2026,0.3707037614091938,0.0015277497139035,0.3147637605289775,0.4266437622894101,2026-09-29
HOU_CA_21_2026,0.6148710844168277,0.99575114528331,0.5589310835366114,0.6708110852970441,2026-09-29
HOU_CA_22_2026,0.5085381577339586,0.5775399457376564,0.4525981568537423,0.5644781586141749,2026-09-29
HOU_CA_23_2026,0.4286225907528691,0.0510021758927582,0.3726825898726528,0.4845625916330854,2026-09-29
HOU_CA_24_2026,0.7017936766937066,0.9999981085869556,0.6458536758134903,0.757733677573923,2026-09-29
HOU_CA_25_2026,0.6139841191895127,0.9954901583218176,0.5580441183092963,0.669924120069729,2026-09-29
HOU_CA_26_2026,0.6220182565328193,0.9974079378690772,0.566078255652603,0.6779582574130356,2026-09-29
HOU_CA_27_2026,0.632166906349472,0.9987685548350256,0.5762269054692557,0.6881069072296883,2026-09-29
HOU_CA_28_2026,0.7035676071483367,0.9999984464552628,0.6476276062681204,0.759507608028553,2026-09-29
HOU_CA_29_2026,1.0,1.0,1.0,1.0,2026-09-29
HOU_CA_30_2026,0.771420447037941,0.9999999997483596,0.7154804461577247,0.8273604479181573,2026-09-29
HOU_CA_31_2026,0.6435200612591052,0.9994954150768436,0.5875800603788889,0.6994600621393215,2026-09-29
HOU_CA_32_2026,0.7017936766937066,0.9999981085869556,0.6458536758134903,0.757733677573923,2026-09-29
HOU_CA_33_2026,0.632344299394935,0.9987850134278086,0.5764042985147187,0.6882843002751514,2026-09-29
HOU_CA_34_2026,1.0,1.0,1.0,1.0,2026-09-29
HOU_CA_35_2026,0.6232972540763211,0.9976334998799244,0.5673572531961049,0.6792372549565374,2026-09-29
HOU_CA_36_2026,0.7668969243786341,0.9999999995155382,0.7109569234984179,0.8228369252588504,2026-09-29
HOU_CA_37_2026,1.0,1.0,1.0,1.0,2026-09-29
HOU_CA_38_2026,0.6088024746458244,0.9936593986257134,0.552862473765608,0.6647424755260407,2026-09-29
HOU_CA_39_2026,0.6310138515539624,0.998656505585654,0.5750738506737461,0.6869538524341787,2026-09-29
HOU_CA_40_2026,0.0,0.0,0.0,0.0,2026-09-29
HOU_CA_41_2026,0.652567106577719,0.9997631644943408,0.5966271056975028,0.7085071074579353,2026-09-29
HOU_CA_42_2026,0.6477774943502176,0.9996447473417366,0.5918374934700013,0.7037174952304339,2026-09-29
HOU_CA_43_2026,0.8119547579262405,0.9999999999995556,0.7560147570460242,0.8678947588064568,2026-09-29
HOU_CA_44_2026,0.7487141372186747,0.9999999939350496,0.6927741363384584,0.804654138098891,2026-09-29
HOU_CA_45_2026,0.6056466460527509,0.9922461617845908,0.5497066451725345,0.6615866469329671,2026-09-29
HOU_CA_46_2026,0.661614151896333,0.9998932499171522,0.6056741510161168,0.7175541527765493,2026-09-29
HOU_CA_47_2026,0.6340295333268336,0.9989316235645654,0.5780895324466173,0.68996953420705,2026-09-29
HOU_CA_48_2026,0.5677359846211358,0.939643809833522,0.5117959837409195,0.6236759855013522,2026-09-29
HOU_CA_49_2026,0.6429878821227162,0.9994731205593878,0.5870478812424998,0.6989278830029325,2026-09-29
HOU_CA_50_2026,0.6711933763513359,0.9999560799545952,0.6152533754711196,0.7271333772315522,2026-09-29
HOU_CA_51_2026,0.671015983305873,0.9999553330665556,0.6150759824256566,0.7269559841860892,2026-09-29
HOU_CA_52_2026,0.6676455154420756,0.9999386473424592,0.6117055145618593,0.723585516322292,2026-09-29
HOU_CO_01_2026,0.8067731133825524,0.9999999999989524,0.7508331125023361,0.8627131142627686,2026-09-29
HOU_CO_02_2026,0.7623734017193271,0.99999999907704,0.7064334008391109,0.8183134025995434,2026-09-29
HOU_CO_03_2026,0.4677377572774646,0.2299205713245556,0.4117977563972483,0.5236777581576809,2026-09-29
HOU_CO_04_2026,0.4269373568209705,0.0470828980248755,0.3709973559407541,0.4828773577011868,2026-09-29
HOU_CO_05_2026,0.4675603642320016,0.2286886484657027,0.4116203633517852,0.5235003651122179,2026-09-29
HOU_CO_06_2026,0.6758055955333745,0.9999718254239734,0.6198655946531582,0.7317455964135908,2026-09-29
HOU_CO_07_2026,0.6483983700093381,0.9996627216596832,0.5924583691291219,0.7043383708895544,2026-09-29
HOU_CO_08_2026,0.5092477299158107,0.5838918305258471,0.4533077290355944,0.565187730796027,2026-09-29
HOU_CT_01_2026,0.6545698803752831,0.9998007705594776,0.5986298794950667,0.7105098812554993,2026-09-29
HOU_CT_02_2026,0.6200154827352553,0.9970155236413384,0.564075481855039,0.6759554836154716,2026-09-29
HOU_CT_03_2026,0.6507931761230888,0.999724425077309,0.5948531752428725,0.7067331770033052,2026-09-29
HOU_CT_04_2026,0.6946979548751858,0.9999959098938818,0.6387579539949695,0.7506379557554022,2026-09-29
HOU_CT_05_2026,0.611944099166688,0.9948348363043416,0.5560040982864717,0.6678841000469043,2026-09-29
HOU_DE_01_2026,0.65203492744133,0.9997521119095752,0.5960949265611137,0.7079749283215463,2026-09-29
HOU_FL_01_2026,0.3503035611809468,0.0003023975597447,0.2943635603007304,0.4062435620611631,2026-09-29
HOU_FL_02_2026,0.4716776505029116,0.2582183509256092,0.4157376496226954,0.527617651383128,2026-09-29
HOU_FL_03_2026,0.4224138341616635,0.0377469422278132,0.3664738332814472,0.4783538350418798,2026-09-29
HOU_FL_04_2026,0.4639238068000096,0.2042648653128984,0.4079838059197934,0.519863807680226,2026-09-29
HOU_FL_05_2026,0.4208172967524964,0.0348367221491532,0.3648772958722801,0.4767572976327127,2026-09-29
HOU_FL_06_2026,0.382589095455216,0.00357460590266,0.3266490945749997,0.4385290963354323,2026-09-29
HOU_FL_07_2026,0.4963352838222711,0.4665455367106066,0.4403952829420548,0.5522752847024874,2026-09-29
HOU_FL_08_2026,0.4442331787536147,0.1006980504869536,0.3882931778733984,0.500173179633831,2026-09-29
HOU_FL_09_2026,0.5080804710480911,0.5734320332604008,0.4521404701678747,0.5640204719283074,2026-09-29
HOU_FL_10_2026,1.0,1.0,1.0,1.0,2026-09-29
HOU_FL_11_2026,0.4820551436624982,0.3404974791521533,0.4261151427822819,0.5379951445427146,2026-09-29
HOU_FL_12_2026,0.4479584327083381,0.1165834176377001,0.3920184318281217,0.5038984335885544,2026-09-29
HOU_FL_13_2026,0.4572715675951465,0.1638190131993818,0.4013315667149302,0.5132115684753628,2026-09-29
HOU_FL_14_2026,0.5405433983678233,0.823510034340575,0.484603397487607,0.5964833992480396,2026-09-29
HOU_FL_15_2026,0.4278243220482856,0.0491144610583089,0.3718843211680693,0.4837643229285019,2026-09-29
HOU_FL_16_2026,0.4910134924583806,0.4184441016757695,0.4350734915781643,0.546953493338597,2026-09-29
HOU_FL_17_2026,0.4183337941160141,0.030677852813415,0.3623937932357978,0.4742737949962304,2026-09-29
HOU_FL_18_2026,0.4411288004580119,0.0887161019373385,0.3851887995777956,0.4970688013382282,2026-09-29
HOU_FL_19_2026,0.4173953785912282,0.0292173962329993,0.3614553777110119,0.4733353794714445,2026-09-29
HOU_FL_20_2026,0.7539472320598338,0.9999999970182378,0.6980072311796175,0.8098872329400502,2026-09-29
HOU_FL_21_2026,0.4442331787536147,0.1006980504869536,0.3882931778733984,0.500173179633831,2026-09-29
HOU_FL_22_2026,0.5062692943682001,0.5571019930271597,0.4503292934879838,0.5622092952484165,2026-09-29
HOU_FL_23_2026,0.6491079421911903,0.9996822269280532,0.593167941310974,0.7050479430714066,2026-09-29
HOU_FL_24_2026,0.7254384020377586,0.9999998795601184,0.6694984011575422,0.7813784029179749,2026-09-29
HOU_FL_25_2026,0.5467521549590288,0.857929577777022,0.4908121540788126,0.6026921558392452,2026-09-29
HOU_FL_26_2026,0.4347426508213433,0.0674563890322489,0.378802649941127,0.4906826517015596,2026-09-29
HOU_FL_27_2026,0.451772383185793,0.1346089337164446,0.3958323823055767,0.5077123840660093,2026-09-29
HOU_FL_28_2026,0.4033440817743891,0.0134030916098933,0.3474040808941728,0.4592840826546054,2026-09-29
HOU_GA_01_2026,0.4777090140486543,0.3047900257228904,0.4217690131684379,0.5336490149288706,2026-09-29
HOU_GA_02_2026,0.6179754627124305,0.996561540909123,0.5620354618322143,0.673915463592647,2026-09-29
HOU_GA_03_2026,0.377178607568594,0.0024482598287468,0.3212386066883777,0.4331186084488103,2026-09-29
HOU_GA_04_2026,0.8220661615176326,0.9999999999999198,0.7661261606374162,0.8780061623978489,2026-09-29
HOU_GA_05_2026,0.9031347832942318,1.0,0.8471947824140155,0.959074784174448,2026-09-29
HOU_GA_06_2026,0.8038833743576732,0.99999999999832,0.747943373477457,0.8598233752378895,2026-09-29
HOU_GA_07_2026,0.4141650575476332,0.0246246775263698,0.3582250566674169,0.4701050584278495,2026-09-29
HOU_GA_08_2026,0.377178607568594,0.0024482598287468,0.3212386066883777,0.4331186084488103,2026-09-29
HOU_GA_09_2026,0.3597940891132182,0.0006589971694306,0.3038540882330019,0.4157340899934346,2026-09-29
HOU_GA_10_2026,0.4521644155019797,0.1365647072584969,0.3962244146217634,0.5081044163821961,2026-09-29
HOU_GA_11_2026,0.4424964945242452,0.0938572305146389,0.3865564936440289,0.4984364954044615,2026-09-29
HOU_GA_12_2026,0.4515949901403299,0.1337303022607483,0.3956549892601136,0.5075349910205462,2026-09-29
HOU_GA_13_2026,0.7331549995153999,0.9999999538944148,0.6772149986351836,0.7890950003956162,2026-09-29
HOU_GA_14_2026,0.3449817698170562,0.000191612835326,0.2890417689368399,0.4009217706972726,2026-09-29
HOU_HI_01_2026,0.6978023331707887,0.99999707212322,0.6418623322905723,0.753742334051005,2026-09-29
HOU_HI_02_2026,0.6877796261021281,0.9999915336853986,0.6318396252219118,0.7437196269823444,2026-09-29
HOU_IA_01_2026,0.4784700365279771,0.3109220622643603,0.4225300356477608,0.5344100374081935,2026-09-29
HOU_IA_02_2026,0.5069788665500522,0.5635128320141805,0.4510388656698359,0.5629188674302685,2026-09-29
HOU_IA_03_2026,0.4950562862787693,0.45491320941686,0.439116285398553,0.5509962871589856,2026-09-29
HOU_IA_04_2026,0.4101222637272445,0.0197449857469582,0.3541822628470282,0.4660622646074608,2026-09-29
HOU_ID_01_2026,0.313051021633713,9.22415419379874e-06,0.2571110207534967,0.3689910225139294,2026-09-29
HOU_ID_02_2026,0.392345712955682,0.0068259507230923,0.3364057120754657,0.4482857138358983,2026-09-29
HOU_IL_01_2026,0.736562713604458,0.9999999701184626,0.6806227127242417,0.7925027144846744,2026-09-29
HOU_IL_02_2026,0.7022886096048347,0.999998209346796,0.6463486087246184,0.7582286104850511,2026-09-29
HOU_IL_03_2026,0.7337244248770497,0.9999999570998108,0.6777844239968335,0.789664425757266,2026-09-29
HOU_IL_04_2026,0.6936850468998784,0.9999954433220852,0.6377450460196621,0.7496250477800948,2026-09-29
HOU_IL_05_2026,0.7505767641960364,0.9999999952818572,0.69463676331582,0.8065167650762527,2026-09-29
HOU_IL_06_2026,0.611766706121225,0.9947740310811004,0.5558267052410086,0.6677067070014412,2026-09-29
HOU_IL_07_2026,0.8476622103617779,0.9999999999999992,0.7917222094815617,0.9036022112419942,2026-09-29
HOU_IL_08_2026,0.5862735578720212,0.9759494976706174,0.5303335569918048,0.6422135587522375,2026-09-29
HOU_IL_09_2026,0.7155043914918296,0.9999996034854828,0.6595643906116133,0.771444392372046,2026-09-29
HOU_IL_10_2026,0.6844978547610623,0.9999881446261614,0.628557853880846,0.7404378556412786,2026-09-29
HOU_IL_11_2026,0.636867822054242,0.9991423653066522,0.5809278211740256,0.6928078229344582,2026-09-29
HOU_IL_12_2026,0.3153571312247322,1.1681637540172927e-05,0.2594171303445159,0.3712971321049486,2026-09-29
HOU_IL_13_2026,0.6290625280538692,0.9984454714104544,0.5731225271736529,0.6850025289340855,2026-09-29
HOU_IL_14_2026,0.611411920030299,0.9946505069147464,0.5554719191500826,0.6673519209105153,2026-09-29
HOU_IL_15_2026,0.3319433809755244,5.904072572748831e-05,0.2760033800953081,0.3878833818557408,2026-09-29
HOU_IL_16_2026,0.4091980522746686,0.0187527861377466,0.3532580513944524,0.465138053154885,2026-09-29
HOU_IL_17_2026,0.6058240390982139,0.99233240159331,0.5498840382179976,0.6617640399784303,2026-09-29
HOU_IN_01_2026,0.5917212919839039,0.982191771684861,0.5357812911036877,0.6476612928641202,2026-09-29
HOU_IN_02_2026,0.3952726982058218,0.0082145914076946,0.3393326973256055,0.4512126990860381,2026-09-29
HOU_IN_03_2026,0.3708811544546568,0.0015480368021608,0.3149411535744404,0.4268211553348731,2026-09-29
HOU_IN_04_2026,0.3777994832277145,0.002558774702615,0.3218594823474982,0.4337394841079308,2026-09-29
HOU_IN_05_2026,0.4352748299577323,0.0690618546709818,0.379334829077516,0.4912148308379486,2026-09-29
HOU_IN_06_2026,0.3640515222043307,0.0009212930562457,0.3081115213241143,0.4199915230845469,2026-09-29
HOU_IN_07_2026,0.7690256409241902,0.999999999643586,0.713085640043974,0.8249656418044066,2026-09-29
HOU_IN_08_2026,0.3518114020673824,0.0003432544462473,0.2958714011871661,0.4077514029475987,2026-09-29
HOU_IN_09_2026,0.3783316623641035,0.0026570690314903,0.3223916614838872,0.4342716632443198,2026-09-29
HOU_KS_01_2026,0.3707924579319253,0.0015378627524048,0.314852457051709,0.4267324588121416,2026-09-29
HOU_KS_02_2026,0.4250747298436088,0.0430359610782109,0.3691347289633925,0.4810147307238251,2026-09-29
HOU_KS_03_2026,0.5998813720752028,0.9889376957057416,0.5439413711949864,0.6558213729554191,2026-09-29
HOU_KS_04_2026,0.4068032461609179,0.0163771878476324,0.3508632452807017,0.4627432470411342,2026-09-29
HOU_KY_01_2026,0.3028509215195895,3.1425256014072644e-06,0.2469109206393731,0.3587909223998058,2026-09-29
HOU_KY_02_2026,0.3293711818163107,4.633891412308966e-05,0.2734311809360943,0.385311182696527,2026-09-29
HOU_KY_03_2026,0.6703064111240208,0.99995222383353,0.6143664102438045,0.7262464120042371,2026-09-29
HOU_KY_04_2026,0.3886577052262193,0.0053740366782233,0.332717704346003,0.4445977061064357,2026-09-29
HOU_KY_05_2026,0.2285232354705851,2.4958002331487705e-10,0.1725832345903687,0.2844632363508014,2026-09-29
HOU_KY_06_2026,0.4822325367079612,0.3419886324832303,0.4262925358277449,0.5381725375881775,2026-09-29
HOU_LA_01_2026,0.3442721976352041,0.0001801125386701,0.2883321967549878,0.4002121985154205,2026-09-29
HOU_LA_02_2026,0.8020207473803117,0.9999999999977276,0.7460807465000954,0.857960748260528,2026-09-29
HOU_LA_03_2026,0.3550931734084482,0.0004505264481535,0.2991531725282319,0.4110331742886645,2026-09-29
HOU_LA_04_2026,0.3632532534997471,0.0008657805450283,0.3073132526195308,0.4191932543799634,2026-09-29
HOU_LA_05_2026,0.3994786809994634,0.0106427251756899,0.3435386801192471,0.4554186818796797,2026-09-29
HOU_LA_06_2026,0.4165084133639131,0.0278905626245242,0.3605684124836968,0.4724484142441295,2026-09-29
HOU_MA_01_2026,1.0,1.0,1.0,1.0,2026-09-29
HOU_MA_02_2026,1.0,1.0,1.0,1.0,2026-09-29
HOU_MA_03_2026,0.6765151677152265,0.9999737103525392,0.6205751668350102,0.7324551685954428,2026-09-29
HOU_MA_04_2026,0.6800630286244868,0.999981474133094,0.6241230277442704,0.7360030295047031,2026-09-29
HOU_MA_05_2026,1.0,1.0,1.0,1.0,2026-09-29
HOU_MA_06_2026,0.6469419794203733,0.9996191525347172,0.591001978540157,0.7028819803005897,2026-09-29
HOU_MA_07_2026,1.0,1.0,1.0,1.0,2026-09-29
HOU_MA_08_2026,0.7106633289668574,0.999999304079242,0.654723328086641,0.7666033298470737,2026-09-29
HOU_MA_09_2026,0.6378434838042886,0.999205479116129,0.5819034829240723,0.693783484684505,2026-09-29
HOU_MD_01_2026,0.4362504917077789,0.0720814821132775,0.3803104908275626,0.4921904925879952,2026-09-29
HOU_MD_02_2026,0.6674681223966126,0.9999376236013172,0.6115281215163962,0.7234081232768288,2026-09-29
HOU_MD_03_2026,0.6913274870113885,0.9999941524849124,0.6353874861311722,0.7472674878916048,2026-09-29
HOU_MD_04_2026,0.9239784661361364,1.0,0.8680384652559201,0.9799184670163528,2026-09-29
HOU_MD_05_2026,0.6999825000138157,0.9999976914946064,0.6440424991335993,0.7559225008940319,2026-09-29
HOU_MD_06_2026,0.611766706121225,0.9947740310811004,0.5558267052410086,0.6677067070014412,2026-09-29
HOU_MD_07_2026,0.8536421236100498,0.9999999999999998,0.7977021227298334,0.909582124490266,2026-09-29
HOU_MD_08_2026,0.8445950782914359,0.9999999999999986,0.7886550774112195,0.9005350791716522,2026-09-29
HOU_ME_01_2026,0.680417814715413,0.9999821175423144,0.6244778138351967,0.7363578155956293,2026-09-29
HOU_ME_02_2026,0.5079545283000988,0.5723002302939331,0.4520145274198824,0.5638945291803151,2026-09-29
HOU_MI_01_2026,0.4163824706159209,0.0277062955832382,0.3604424697357046,0.4723224714961372,2026-09-29
HOU_MI_02_2026,0.3768238214776679,0.002387064790019,0.3208838205974516,0.4327638223578842,2026-09-29
HOU_MI_03_2026,0.6170884974851155,0.9963454907229656,0.5611484966048992,0.6730284983653319,2026-09-29
HOU_MI_04_2026,0.487162295755665,0.3843392038741157,0.4312222948754487,0.5431022966358813,2026-09-29
HOU_MI_05_2026,0.3918135338192929,0.0065970558252851,0.3358735329390767,0.4477535346995093,2026-09-29
HOU_MI_06_2026,0.6904405217840734,0.9999935818469364,0.6345005209038571,0.7463805226642897,2026-09-29
HOU_MI_07_2026,0.5064981377111339,0.5591712626825905,0.4505581368309176,0.5624381385913503,2026-09-29
HOU_MI_08_2026,0.5765541865968159,0.9602684727616994,0.5206141857165997,0.6324941874770322,2026-09-29
HOU_MI_09_2026,0.36813156224998,0.0012595982083725,0.3121915613697636,0.4240715631301963,2026-09-29
HOU_MI_10_2026,0.5222346684598718,0.6947580342727389,0.4662946675796554,0.5781746693400881,2026-09-29
HOU_MI_11_2026,0.6225504356692083,0.9975040524500436,0.566610434788992,0.6784904365494246,2026-09-29
HOU_MI_12_2026,0.7680499791741436,0.9999999995896276,0.7121099782939274,0.82398998005436,2026-09-29
HOU_MI_13_2026,0.7408715969930413,0.9999999828777169,0.684931596112825,0.7968115978732575,2026-09-29
HOU_MN_01_2026,0.4591341945725082,0.1745823136723345,0.4031941936922918,0.5150741954527245,2026-09-29
HOU_MN_02_2026,0.573501258598684,0.9538965397215218,0.5175612577184676,0.6294412594789002,2026-09-29
HOU_MN_03_2026,0.676958650328884,0.9999748270699556,0.6210186494486678,0.7328986512091004,2026-09-29
HOU_MN_04_2026,0.7448114902184884,0.9999999897946176,0.688871489338272,0.8007514910987047,2026-09-29
HOU_MN_05_2026,0.8637535272014418,1.0,0.8078135263212255,0.919693528081658,2026-09-29
HOU_MN_06_2026,0.4235668889571731,0.039969827250906,0.3676268880769568,0.4795068898373894,2026-09-29
HOU_MN_07_2026,0.3493278994309002,0.0002784233130918,0.2933878985506838,0.4052679003111165,2026-09-29
HOU_MN_08_2026,0.4491114875038476,0.1218425988021216,0.3931714866236314,0.505051488384064,2026-09-29
HOU_MO_01_2026,0.840248948677592,0.9999999999999968,0.7843089477973757,0.8961889495578084,2026-09-29
HOU_MO_02_2026,0.4748334790959853,0.2821218220085955,0.418893478215769,0.5307734799762016,2026-09-29
HOU_MO_03_2026,0.3903943894555888,0.0060195154604735,0.3344543885753724,0.4463343903358051,2026-09-29
HOU_MO_04_2026,0.3233398182705681,2.5919427113940685e-05,0.2673998173903518,0.3792798191507844,2026-09-29
HOU_MO_05_2026,0.6889326808976378,0.999992487903374,0.6329926800174215,0.7448726817778542,2026-09-29
HOU_MO_06_2026,0.3729584207027422,0.001804568388721,0.3170184198225259,0.4288984215829585,2026-09-29
HOU_MO_07_2026,0.3200580469295023,1.875042499155377e-05,0.2641180460492859,0.3759980478097185,2026-09-29
HOU_MO_08_2026,0.2709201733362463,7.684619995895758e-08,0.21498017245603,0.3268601742164626,2026-09-29
HOU_MS_01_2026,0.3497713820445577,0.0002890924112401,0.2938313811643414,0.405711382924774,2026-09-29
HOU_MS_02_2026,0.6786438842607828,0.999978673981855,0.6227038833805665,0.734583885140999,2026-09-29
HOU_MS_03_2026,0.3849839015689668,0.0042074937123977,0.3290439006887504,0.440923902449183,2026-09-29
HOU_MS_04_2026,0.3244928730660777,2.900508778014288e-05,0.2685528721858614,0.380432873946294,2026-09-29
HOU_MT_01_2026,0.4981092142769013,0.4827245169532925,0.442169213396685,0.5540492151571176,2026-09-29
HOU_MT_02_2026,0.378242965841372,0.0026404534055787,0.3223029649611558,0.4341829667215884,2026-09-29
HOU_NC_01_2026,0.5360198757085164,0.7953691436097363,0.4800798748283,0.5919598765887326,2026-09-29
HOU_NC_02_2026,0.7403766640819128,0.999999981737952,0.6844366632016965,0.7963166649621292,2026-09-29
HOU_NC_03_2026,0.4559411197541739,0.1564004602164453,0.4000011188739576,0.5118811206343902,2026-09-29
HOU_NC_04_2026,0.7919093437889196,0.9999999999886466,0.7359693429087034,0.847849344669136,2026-09-29
HOU_NC_05_2026,0.437314849980557,0.0754899527781095,0.3813748491003407,0.4932548508607733,2026-09-29
HOU_NC_06_2026,0.4398870491397708,0.0842327337248787,0.3839470482595545,0.4958270500199871,2026-09-29
HOU_NC_07_2026,0.4551428510495903,0.1520572159186027,0.399202850169374,0.5110828519298066,2026-09-29
HOU_NC_08_2026,0.4301304316393048,0.0547250670397395,0.3741904307590885,0.4860704325195211,2026-09-29
HOU_NC_09_2026,0.4459184126855134,0.1076771124645199,0.3899784118052971,0.5018584135657297,2026-09-29
HOU_NC_10_2026,0.4375809395487515,0.0763609636063403,0.3816409386685352,0.4935209404289679,2026-09-29
HOU_NC_11_2026,0.5096397622319975,0.5873919271281333,0.4536997613517812,0.5655797631122138,2026-09-29
HOU_NC_12_2026,0.7963441699254951,0.9999999999943568,0.7404041690452787,0.8522841708057114,2026-09-29
HOU_NC_13_2026,0.4431688204808366,0.0964636746264318,0.3872288196006203,0.4991088213610529,2026-09-29
HOU_NC_14_2026,0.4494662735947737,0.1234938361277291,0.3935262727145574,0.5054062744749901,2026-09-29
HOU_ND_01_2026,0.347731362021733,0.0002429763192146,0.2917913611415167,0.4036713629019493,2026-09-29
HOU_NE_01_2026,0.4537237066858861,0.1445354814866861,0.3977837058056698,0.5096637075661025,2026-09-29
HOU_NE_02_2026,0.5683568602802563,0.9413273652552068,0.51241685940004,0.6242968611604727,2026-09-29
HOU_NE_03_2026,0.2705653872453202,7.352793218728948e-08,0.2146253863651039,0.3265053881255365,2026-09-29
HOU_NH_01_2026,0.5590437253934479,0.9119172259212516,0.5031037245132316,0.6149837262736643,2026-09-29
HOU_NH_02_2026,0.6029857503708056,0.990846293127158,0.5470457494905893,0.6589257512510219,2026-09-29
HOU_NJ_01_2026,0.6716368589649935,0.9999578958877292,0.6156968580847771,0.7275768598452097,2026-09-29
HOU_NJ_02_2026,0.462415965913574,0.1946114554573169,0.4064759650333577,0.5183559667937903,2026-09-29
HOU_NJ_03_2026,0.6248937914854883,0.997890070489062,0.568953790605272,0.6808337923657046,2026-09-29
HOU_NJ_04_2026,0.3834760606825311,0.0037982936193469,0.3275360598023147,0.4394160615627474,2026-09-29
HOU_NJ_05_2026,0.5999700685979342,0.9889966949809564,0.5440300677177179,0.6559100694781506,2026-09-29
HOU_NJ_06_2026,0.6244503088718307,0.9978214583497952,0.5685103079916144,0.6803903097520471,2026-09-29
HOU_NJ_07_2026,0.5106668742795148,0.5965284957300023,0.4547268733992985,0.5666068751597312,2026-09-29
HOU_NJ_08_2026,1.0,1.0,1.0,1.0,2026-09-29
HOU_NJ_09_2026,0.5981961381433041,0.9877632736002568,0.5422561372630877,0.6541361390235204,2026-09-29
HOU_NJ_10_2026,0.822154858040364,0.9999999999999212,0.7662148571601477,0.8780948589205804,2026-09-29
HOU_NJ_11_2026,0.6295947071902582,0.9985058373707526,0.5736547063100419,0.6855347080704746,2026-09-29
HOU_NJ_12_2026,0.6659230352849161,0.9999280004260056,0.6099830344046998,0.7218630361651325,2026-09-29
HOU_NM_01_2026,0.6405930760089654,0.9993610614529496,0.5846530751287492,0.6965330768891818,2026-09-29
HOU_NM_02_2026,0.5814324953470489,0.9689491679366556,0.5254924944668327,0.6373724962272652,2026-09-29
HOU_NM_03_2026,0.6107910443711784,0.99442808153302,0.554851043490962,0.6667310452513946,2026-09-29
HOU_NV_01_2026,0.5982848346660355,0.9878276767173264,0.5423448337858193,0.6542248355462519,2026-09-29
HOU_NV_02_2026,0.4856030045717585,0.3707655493870606,0.4296630036915422,0.5415430054519749,2026-09-29
HOU_NV_03_2026,0.5859560180063559,0.9755349557733174,0.5300160171261395,0.6418960188865722,2026-09-29
HOU_NV_04_2026,0.5981961381433041,0.9877632736002568,0.5422561372630877,0.6541361390235204,2026-09-29
HOU_NY_01_2026,0.4743899964823277,0.2786993522121395,0.4184499956021114,0.530329997362544,2026-09-29
HOU_NY_02_2026,0.4607307319816753,0.1841572185690166,0.404790731101459,0.5166707328618917,2026-09-29
HOU_NY_03_2026,0.5791263857560297,0.9650638496834064,0.5231863848758134,0.635066386636246,2026-09-29
HOU_NY_04_2026,0.6015666060071014,0.990012828535638,0.5456266051268851,0.6575066068873177,2026-09-29
HOU_NY_05_2026,0.7928850055389662,0.9999999999902568,0.7369450046587499,0.8488250064191826,2026-09-29
HOU_NY_06_2026,0.6354486776905378,0.9990423046595855,0.5795086768103215,0.6913886785707541,2026-09-29
HOU_NY_07_2026,0.7703188425399021,0.9999999997045536,0.7143788416596858,0.8262588434201185,2026-09-29
HOU_NY_08_2026,0.7915545576979934,0.9999999999879988,0.7356145568177772,0.8474945585782098,2026-09-29
HOU_NY_09_2026,0.7770083279700262,0.9999999998895742,0.7210683270898098,0.8329483288502425,2026-09-29
HOU_NY_10_2026,0.8307211745200597,0.9999999999999822,0.7747811736398433,0.886661175400276,2026-09-29
HOU_NY_11_2026,0.4191320628205977,0.0319673103057029,0.3631920619403814,0.475072063700814,2026-09-29
HOU_NY_12_2026,0.8413647572478408,0.9999999999999972,0.7854247563676244,0.8973047581280571,2026-09-29
HOU_NY_13_2026,0.8322290154064953,0.9999999999999865,0.776289014526279,0.8881690162867116,2026-09-29
HOU_NY_14_2026,0.750310674627842,0.9999999951089996,0.6943706737476256,0.8062506755080583,2026-09-29
HOU_NY_15_2026,0.8219774649949011,0.9999999999999186,0.7660374641146848,0.8779174658751174,2026-09-29
HOU_NY_16_2026,0.741618415400154,0.9999999844680024,0.6856784145199377,0.7975584162803703,2026-09-29
HOU_NY_17_2026,0.5234391735528522,0.7043583462770332,0.4674991726726358,0.5793791744330684,2026-09-29
HOU_NY_18_2026,0.602364874711685,0.9904894535487788,0.5464248738314688,0.6583048755919013,2026-09-29
HOU_NY_19_2026,0.5919873815520984,0.9824574669969904,0.5360473806718822,0.6479273824323148,2026-09-29
HOU_NY_20_2026,0.6502609969866998,0.999711699249138,0.5943209961064835,0.7062009978669161,2026-09-29
HOU_NY_21_2026,0.4588166547068429,0.172716310003638,0.4028766538266266,0.5147566555870592,2026-09-29
HOU_NY_22_2026,0.6193946070761347,0.9968834318099188,0.5634546061959184,0.675334607956351,2026-09-29
HOU_NY_23_2026,0.4192207593433291,0.032113306747354,0.3632807584631128,0.4751607602235455,2026-09-29
HOU_NY_24_2026,0.4099963209792523,0.0196072091673723,0.354056320099036,0.4659363218594686,2026-09-29
HOU_NY_25_2026,0.6664037641238345,0.9999311349787836,0.6104637632436182,0.7223437650040507,2026-09-29
HOU_NY_26_2026,0.6743864511696702,0.999967664894211,0.6184464502894539,0.7303264520498866,2026-09-29
HOU_OH_01_2026,0.5760220074604269,0.9592123612260436,0.5200820065802105,0.6319620083406431,2026-09-29
HOU_OH_02_2026,0.3285729131117271,4.295404148590976e-05,0.2726329122315107,0.3845129139919434,2026-09-29
HOU_OH_03_2026,0.7679612826514122,0.9999999995843448,0.712021281771196,0.8239012835316285,2026-09-29
HOU_OH_04_2026,0.3261781069979764,3.414669826784511e-05,0.27023810611776,0.3821181078781926,2026-09-29
HOU_OH_05_2026,0.4106171966383728,0.0202944111788544,0.3546771957581566,0.4665571975185891,2026-09-29
HOU_OH_06_2026,0.3621888952269689,0.0007965449140725,0.3062488943467526,0.4181288961071853,2026-09-29
HOU_OH_07_2026,0.46747166770927,0.2280740796203753,0.4115316668290537,0.5234116685894863,2026-09-29
HOU_OH_08_2026,0.4469827709582915,0.1122607502888063,0.3910427700780752,0.5029227718385078,2026-09-29
HOU_OH_09_2026,0.5402773087996288,0.8219257152316399,0.4843373079194125,0.5962173096798451,2026-09-29
HOU_OH_10_2026,0.4821065939599689,0.3409297113177847,0.4261665930797527,0.5380465948401852,2026-09-29
HOU_OH_11_2026,0.8335967094727288,0.9999999999999892,0.7776567085925125,0.889536710352945,2026-09-29
HOU_OH_12_2026,0.3823230058870215,0.0035098450229591,0.3263830050068052,0.4382630067672378,2026-09-29
HOU_OH_13_2026,0.602364874711685,0.9904894535487788,0.5464248738314688,0.6583048755919013,2026-09-29
HOU_OH_14_2026,0.4258729985481924,0.0447345629411033,0.369932997667976,0.4818129994284086,2026-09-29
HOU_OH_15_2026,0.4720838868913085,0.2612354417414151,0.4161438860110922,0.5280238877715248,2026-09-29
HOU_OK_01_2026,0.4481730719790618,0.1175500100909034,0.3922330710988455,0.5041130728592781,2026-09-29
HOU_OK_02_2026,0.2620505210630954,2.5004482928636665e-08,0.2061105201828791,0.3179905219433118,2026-09-29
HOU_OK_03_2026,0.3052457276333403,4.065552636323133e-06,0.2493057267531239,0.3611857285135565,2026-09-29
HOU_OK_04_2026,0.3616567160905798,0.0007638728017131,0.3057167152103635,0.4175967169707962,2026-09-29
HOU_OK_05_2026,0.4307513072984253,0.0563191269964971,0.374811306418209,0.4866913081786416,2026-09-29
HOU_OR_01_2026,0.755721162514464,0.9999999976635008,0.6997811616342478,0.8116611633946803,2026-09-29
HOU_OR_02_2026,0.3897735137964682,0.0057812596223262,0.3338335129162519,0.4457135146766846,2026-09-29
HOU_OR_03_2026,0.7929737020616977,0.9999999999903914,0.7370337011814815,0.848913702941914,2026-09-29
HOU_OR_04_2026,0.636867822054242,0.9991423653066522,0.5809278211740256,0.6928078229344582,2026-09-29
HOU_OR_05_2026,0.6203702688261813,0.9970887191310726,0.564430267945965,0.6763102697063976,2026-09-29
HOU_OR_06_2026,0.6350051950768802,0.99900890306947,0.5790651941966639,0.6909451959570966,2026-09-29
HOU_PA_01_2026,0.5165208447797945,0.647463924841583,0.4605808438995782,0.5724608456600108,2026-09-29
HOU_PA_02_2026,0.7489802267868693,0.999999994148126,0.6930402259066529,0.8049202276670856,2026-09-29
HOU_PA_03_2026,1.0,1.0,1.0,1.0,2026-09-29
HOU_PA_04_2026,0.6553166987823958,0.9998133057470892,0.5993766979021795,0.7112566996626122,2026-09-29
HOU_PA_05_2026,0.7133242246488026,0.9999994884144146,0.6573842237685864,0.769264225529019,2026-09-29
HOU_PA_06_2026,0.6358034637814639,0.9990682781757486,0.5798634629012476,0.6917434646616801,2026-09-29
HOU_PA_07_2026,0.5002006845971968,0.5018341556736229,0.4442606837169805,0.5561406854774131,2026-09-29
HOU_PA_08_2026,0.4785587330507087,0.3116402188537711,0.4226187321704923,0.534498733930925,2026-09-29
HOU_PA_09_2026,0.3417886949987219,0.0001447463694869,0.2858486941185056,0.3977286958789382,2026-09-29
HOU_PA_10_2026,0.4880492609829801,0.3921252338501586,0.4321092601027638,0.5439892618631964,2026-09-29
HOU_PA_11_2026,0.4146085401612908,0.0252168743764672,0.3586685392810744,0.470548541041507,2026-09-29
HOU_PA_12_2026,0.6677342119648071,0.9999391532530908,0.6117942110845909,0.7236742128450234,2026-09-29
HOU_PA_13_2026,0.3068422650425074,4.819282363510702e-06,0.2509022641622911,0.3627822659227238,2026-09-29
HOU_PA_14_2026,0.3632532534997471,0.0008657805450283,0.3073132526195308,0.4191932543799634,2026-09-29
HOU_PA_15_2026,0.3413452123850644,0.0001391601513254,0.285405211504848,0.3972852132652806,2026-09-29
HOU_PA_16_2026,0.4107058931611043,0.0203942303167898,0.354765892280888,0.4666458940413207,2026-09-29
HOU_PA_17_2026,0.6060014321436769,0.9924177958941648,0.5500614312634605,0.6619414330238932,2026-09-29
HOU_RI_01_2026,0.6890213774203693,0.999992556892892,0.633081376540153,0.7449613783005856,2026-09-29
HOU_RI_02_2026,0.6194833035988662,0.9969026187941924,0.5635433027186498,0.6754233044790826,2026-09-29
HOU_SC_01_2026,0.4919004576856957,0.4263966324730212,0.4359604568054794,0.547840458565912,2026-09-29
HOU_SC_02_2026,0.4514175970948669,0.1328556215777782,0.3954775962146506,0.5073575979750832,2026-09-29
HOU_SC_03_2026,0.3230737287023736,2.52529165196691e-05,0.2671337278221573,0.3790137295825899,2026-09-29
HOU_SC_04_2026,0.4096415348883262,0.0192234683258952,0.3537015340081099,0.4655815357685425,2026-09-29
HOU_SC_05_2026,0.4483504650245248,0.1183531417316514,0.3924104641443085,0.5042904659047411,2026-09-29
HOU_SC_06_2026,0.6937222931251392,0.9999954613445295,0.6377822922449229,0.7496622940053556,2026-09-29
HOU_SC_07_2026,0.4008605791379069,0.0115667066000961,0.3449205782576905,0.4568005800181232,2026-09-29
HOU_SD_01_2026,0.4164197168411816,0.0277606846439406,0.3604797159609653,0.4723597177213979,2026-09-29
HOU_TN_01_2026,0.257793087971983,1.4380716728545906e-08,0.2018530870917667,0.3137330888521993,2026-09-29
HOU_TN_02_2026,0.3647610943861827,0.0009733636584333,0.3088210935059663,0.420701095266399,2026-09-29
HOU_TN_03_2026,0.3564236212494209,0.0005022774338347,0.3004836203692045,0.4123636221296372,2026-09-29
HOU_TN_04_2026,0.4092867487974002,0.0188461299886314,0.3533467479171839,0.4652267496776165,2026-09-29
HOU_TN_05_2026,0.4485278580699879,0.1191601447095574,0.3925878571897715,0.5044678589502042,2026-09-29
HOU_TN_06_2026,0.4330946631147053,0.0626674040171821,0.377154662234489,0.4890346639949216,2026-09-29
HOU_TN_07_2026,0.4162050775704579,0.0274484733626674,0.3602650766902416,0.4721450784506742,2026-09-29
HOU_TN_08_2026,0.4263164811618499,0.0457013124364845,0.3703764802816336,0.4822564820420662,2026-09-29
HOU_TN_09_2026,0.4573088138204072,0.1640299315705716,0.4013688129401909,0.5132488147006236,2026-09-29
HOU_TX_01_2026,0.2956665031783373,1.4263035550410308e-06,0.239726502298121,0.3516065040585536,2026-09-29
HOU_TX_02_2026,0.4496809128654975,0.1245003819204317,0.3937409119852812,0.5056209137457138,2026-09-29
HOU_TX_03_2026,0.4106171966383728,0.0202944111788544,0.3546771957581566,0.4665571975185891,2026-09-29
HOU_TX_04_2026,0.4053841017972138,0.0150948346779299,0.3494441009169975,0.4613241026774301,2026-09-29
HOU_TX_05_2026,0.4201077245706442,0.0336037652561435,0.3641677236904279,0.4760477254508605,2026-09-29
HOU_TX_06_2026,0.4137215749339756,0.0240441945150508,0.3577815740537594,0.469661575814192,2026-09-29
HOU_TX_07_2026,0.6945205618297229,0.9999958316236705,0.6385805609495065,0.7504605627099391,2026-09-29
HOU_TX_08_2026,0.4281276578417408,0.0498250959176909,0.3721876569615245,0.4840676587219571,2026-09-29
HOU_TX_09_2026,0.4637836599798073,0.2033557851957268,0.4078436590995911,0.5197236608600236,2026-09-29
HOU_TX_10_2026,0.4505678780928125,0.128720546673991,0.3946278772125962,0.5065078789730288,2026-09-29
HOU_TX_11_2026,0.362721074363358,0.0008304991392485,0.3067810734831416,0.4186610752435743,2026-09-29
HOU_TX_12_2026,0.4098189279337892,0.0194145332678604,0.3538789270535729,0.4657589288140055,2026-09-29
HOU_TX_13_2026,0.3100353398608418,6.745820206988107e-06,0.2540953389806255,0.3659753407410581,2026-09-29
HOU_TX_14_2026,0.4079563009564275,0.0174867349443856,0.3520163000762112,0.4638963018366439,2026-09-29
HOU_TX_15_2026,0.4370487604123624,0.0746265337084545,0.3811087595321462,0.4929887612925788,2026-09-29
HOU_TX_16_2026,0.6614367588508699,0.9998915264837546,0.6054967579706536,0.7173767597310863,2026-09-29
HOU_TX_17_2026,0.4195755454342552,0.0327028075455256,0.3636355445540389,0.4755155463144715,2026-09-29
HOU_TX_18_2026,0.8347497642682384,0.9999999999999912,0.7788097633880221,0.8906897651484548,2026-09-29
HOU_TX_19_2026,0.3209822583820781,2.055171128634292e-05,0.2650422575018618,0.3769222592622944,2026-09-29
HOU_TX_20_2026,0.7157190307625535,0.9999996133589298,0.6597790298823373,0.7716590316427698,2026-09-29
HOU_TX_21_2026,0.4543818285702674,0.1479919124659243,0.3984418276900511,0.5103218294504838,2026-09-29
HOU_TX_22_2026,0.4515435398428591,0.1334762071145661,0.3956035389626429,0.5074835407230754,2026-09-29
HOU_TX_23_2026,0.485869094139953,0.3730710383212372,0.4299290932597367,0.5418090950201694,2026-09-29
HOU_TX_24_2026,0.4443218752763462,0.1010569405971009,0.3883818743961299,0.5002618761565626,2026-09-29
HOU_TX_25_2026,0.4090206592292057,0.0185672783432947,0.3530806583489894,0.464960660109422,2026-09-29
HOU_TX_26_2026,0.4099076244565207,0.019510669200353,0.3539676235763044,0.465847625336737,2026-09-29
HOU_TX_27_2026,0.421792958502543,0.0365924413622794,0.3658529576223266,0.4777329593827593,2026-09-29
HOU_TX_28_2026,0.5412529705496754,0.8276911328456532,0.4853129696694591,0.5971929714298917,2026-09-29
HOU_TX_29_2026,0.7244112899902413,0.9999998634521988,0.668471289110025,0.7803512908704576,2026-09-29
HOU_TX_30_2026,0.7642874789941595,0.9999999992964544,0.7083474781139433,0.8202274798743758,2026-09-29
HOU_TX_31_2026,0.4187772767296716,0.0313887956532737,0.3628372758494553,0.4747172776098879,2026-09-29
HOU_TX_32_2026,0.4719437400711062,0.2601925377464332,0.4160037391908899,0.5278837409513225,2026-09-29
HOU_TX_33_2026,0.7001598930592786,0.9999977359489806,0.6442198921790623,0.756099893939495,2026-09-29
HOU_TX_34_2026,0.5423173288224534,0.8338432312047371,0.4863773279422371,0.5982573297026698,2026-09-29
HOU_TX_35_2026,0.5054710256636166,0.5498719703779514,0.4495310247834003,0.5614110265438329,2026-09-29
HOU_TX_36_2026,0.4046745296153617,0.0144866788385651,0.3487345287351454,0.460614530495578,2026-09-29
HOU_TX_37_2026,0.8435307200186577,0.9999999999999982,0.7875907191384414,0.899470720898874,2026-09-29
HOU_TX_38_2026,0.4578409929567963,0.1670627911257635,0.40190099207658,0.5137809938370126,2026-09-29
HOU_UT_01_2026,0.6601577613073681,0.999878305344406,0.6042177604271518,0.7160977621875844,2026-09-29
HOU_UT_02_2026,0.3842743293871147,0.0040102562709368,0.3283343285068983,0.440214330267331,2026-09-29
HOU_UT_03_2026,0.3288390026799216,4.405548641550627e-05,0.2728990017997053,0.3847790035601379,2026-09-29
HOU_UT_04_2026,0.3686637413863691,0.0013112609519587,0.3127237405061528,0.4246037422665854,2026-09-29
HOU_VA_01_2026,0.4867188131420075,0.3804634026111275,0.4307788122617911,0.5426588140222237,2026-09-29
HOU_VA_02_2026,0.51155383950683,0.6043764257223748,0.4556138386266136,0.5674938403870463,2026-09-29
HOU_VA_03_2026,0.7411749327864965,0.9999999835418278,0.6852349319062802,0.7971149336667128,2026-09-29
HOU_VA_04_2026,0.731329618763299,0.9999999419785246,0.6753896178830827,0.7872696196435153,2026-09-29
HOU_VA_05_2026,0.4596663737088973,0.1777382199490493,0.4037263728286809,0.5156063745891136,2026-09-29
HOU_VA_06_2026,0.4056501913654083,0.0153284836145225,0.349710190485192,0.4615901922456246,2026-09-29
HOU_VA_07_2026,0.5982848346660355,0.9878276767173264,0.5423448337858193,0.6542248355462519,2026-09-29
HOU_VA_08_2026,0.8131965092444817,0.9999999999996388,0.7572565083642654,0.869136510124698,2026-09-29
HOU_VA_09_2026,0.3155345242701953,1.1894500411835374e-05,0.2595945233899789,0.3714745251504115,2026-09-29
HOU_VA_10_2026,0.6297721002357213,0.9985254790832484,0.5738320993555049,0.6857121011159376,2026-09-29
HOU_VA_11_2026,0.7447227936957569,0.9999999896741356,0.6887827928155406,0.8006627945759732,2026-09-29
HOU_VT_01_2026,0.7305313500587154,0.999999935876575,0.6745913491784991,0.7864713509389317,2026-09-29
HOU_WA_01_2026,0.7146546724897753,0.9999995619608048,0.658714671609559,0.7705946733699917,2026-09-29
HOU_WA_02_2026,0.6884005017612487,0.999992060988216,0.6324605008810323,0.7443405026414649,2026-09-29
HOU_WA_03_2026,0.5648462455962567,0.931305966495876,0.5089062447160404,0.6207862464764731,2026-09-29
HOU_WA_04_2026,0.4557122764112401,0.1551470906774,0.3997722755310238,0.5116522772914565,2026-09-29
HOU_WA_05_2026,0.4619724832999165,0.1918259210365132,0.4060324824197002,0.5179124841801328,2026-09-29
HOU_WA_06_2026,0.6667585502147605,0.999933365397269,0.6108185493345443,0.7226985510949768,2026-09-29
HOU_WA_07_2026,0.9243332522270624,1.0,0.868393251346846,0.9802732531072786,2026-09-29
HOU_WA_08_2026,0.6084849347801591,0.9935283250727824,0.5525449338999429,0.6644249356603754,2026-09-29
HOU_WA_09_2026,0.774170039242618,0.9999999998318744,0.7182300383624016,0.8301100401228342,2026-09-29
HOU_WA_10_2026,0.6631219927827686,0.9999068952119484,0.6071819919025523,0.719061993662985,2026-09-29
HOU_WI_01_2026,0.4928388732104816,0.4348431042264951,0.4368988723302653,0.5487788740906979,2026-09-29
HOU_WI_02_2026,1.0,1.0,1.0,1.0,2026-09-29
HOU_WI_03_2026,0.4799778774144128,0.3232267062812587,0.4240378765341965,0.5359178782946291,2026-09-29
HOU_WI_04_2026,0.8150591362218436,0.999999999999736,0.7591191353416272,0.8709991371020598,2026-09-29
HOU_WI_05_2026,0.4098189279337892,0.0194145332678604,0.3538789270535729,0.4657589288140055,2026-09-29
HOU_WI_06_2026,0.4370487604123624,0.0746265337084545,0.3811087595321462,0.4929887612925788,2026-09-29
HOU_WI_07_2026,0.4471974102290152,0.1132017411300092,0.3912574093487989,0.5031374111092315,2026-09-29
HOU_WI_08_2026,0.4380244221624091,0.0778296113913405,0.3820844212821928,0.4939644230426254,2026-09-29
HOU_WV_01_2026,0.3138492903382966,1.0013027441080348e-05,0.2579092894580803,0.3697892912185129,2026-09-29
HOU_WV_02_2026,0.3341607940438121,7.255975036379869e-05,0.2782207931635958,0.3901007949240284,2026-09-29
HOU_WY_01_2026,0.339608528155695,0.0001191710984401,0.2836685272754786,0.3955485290359112,2026-09-29
SEN_AK_2026,0.4454731437164947,0.1846146398758961,0.3676498014847765,0.5232964859482129,2026-09-29
SEN_AL_2026,0.4180050554695407,0.0884683521454107,0.3401817132378225,0.4958283977012588,2026-09-29
SEN_AR_2026,0.3736353067044072,0.0187213667561871,0.2958119644726891,0.4514586489361254,2026-09-29
SEN_CO_2026,0.6268072347770143,0.9816096998732452,0.5489838925452961,0.7046305770087323,2026-09-29
SEN_DE_2026,0.6433477751274271,0.9908766003588148,0.565524432895709,0.7211711173591453,2026-09-29
SEN_FL_2026,0.4540677382122975,0.224708609058635,0.3762443959805794,0.5318910804440157,2026-09-29
SEN_GA_2026,0.5719153435160852,0.8818453020586411,0.494092001284367,0.6497386857478032,2026-09-29
SEN_IA_2026,0.488707757359541,0.4262402689787943,0.4108844151278228,0.5665310995912591,2026-09-29
SEN_ID_2026,0.3515001718237077,0.0072343241577583,0.2736768295919895,0.4293235140554258,2026-09-29
SEN_IL_2026,0.589491539984851,0.92971839966245,0.5116681977531329,0.6673148822165692,2026-09-29
SEN_KS_2026,0.4326623330529396,0.1337411295148702,0.3548389908212214,0.5104856752846577,2026-09-29
SEN_KY_2026,0.4169510014276026,0.0857179111179871,0.3391276591958845,0.4947743436593208,2026-09-29
SEN_LA_2026,0.4509239740100683,0.2095001810670025,0.3731006317783502,0.5287473162417865,2026-09-29
SEN_MA_2026,0.6918342610565787,0.9992084969720328,0.6140109188248606,0.7696576032882969,2026-09-29
SEN_ME_2026,0.5287434130296028,0.6820113177998616,0.4509200707978846,0.606566755261321,2026-09-29
SEN_MI_2026,0.5365455946475,0.7263505398499333,0.4587222524157818,0.6143689368792181,2026-09-29
SEN_MN_2026,0.5585996484480504,0.8327242021613314,0.4807763062163323,0.6364229906797686,2026-09-29
SEN_MS_2026,0.4103650360119418,0.069964055181338,0.3325416937802237,0.48818837824366,2026-09-29
SEN_MT_2026,0.4584645144639331,0.2469928553105805,0.3806411722322149,0.5362878566956513,2026-09-29
SEN_NC_2026,0.5267347839494608,0.6701232676561891,0.4489114417177427,0.604558126181179,2026-09-29
SEN_NE_2026,0.414500171099545,0.0795709119966997,0.3366768288678269,0.4923235133312632,2026-09-29
SEN_NH_2026,0.55422127012,0.8140408215635951,0.4763979278882819,0.6320446123517182,2026-09-29
SEN_NJ_2026,0.6130234511516702,0.9686425533970148,0.5352001089199521,0.6908467933833883,2026-09-29
SEN_NM_2026,0.6082396674228743,0.9626604894791332,0.5304163251911561,0.6860630096545924,2026-09-29
SEN_OH_2026,0.4550407111740865,0.2295393989331627,0.3772173689423683,0.5328640534058047,2026-09-29
SEN_OK_2026,0.3974915421918227,0.0457005915373625,0.3196681999601046,0.4753148844235408,2026-09-29
SEN_OR_2026,0.6404288562420603,0.9896250481665628,0.5626055140103421,0.7182521984737784,2026-09-29
SEN_RI_2026,0.6429423697266817,0.9907110843538028,0.5651190274949636,0.7207657119583999,2026-09-29
SEN_SC_2026,0.4709510008068918,0.316196009753025,0.3931276585751737,0.5487743430386101,2026-09-29
SEN_SD_2026,0.3796353066354394,0.0237340861916655,0.3018119644037212,0.4574586488671576,2026-09-29
SEN_TN_2026,0.382148820120061,0.0261468673795243,0.3043254778883428,0.4599721623517792,2026-09-29
SEN_TX_2026,0.4900861357220754,0.4351584343037671,0.4122627934903572,0.5679094779537937,2026-09-29
SEN_VA_2026,0.6066991269000418,0.9605463744192598,0.5288757846683236,0.6845224691317598,2026-09-29
SEN_WV_2026,0.3278244964201754,0.0022892013348633,0.2500011541884573,0.4056478386518936,2026-09-29
SEN_WY_2026,0.3497347859840129,0.0066714386401552,0.2719114437522947,0.4275581282157311,2026-09-29
