race_id,pred_dem_share
HOU_AK_01_2026,0.4531028310267656
HOU_AL_01_2026,0.3911412078627015
HOU_AL_02_2026,0.5235136660033736
HOU_AL_03_2026,0.3081727128834801
HOU_AL_04_2026,0.2201857623338232
HOU_AL_05_2026,0.3861369563644763
HOU_AL_06_2026,0.3617454126133114
HOU_AL_07_2026,0.6672020328284181
HOU_AR_01_2026,0.3099466433381102
HOU_AR_02_2026,0.442370551776253
HOU_AR_03_2026,0.3983770765014246
HOU_AR_04_2026,0.3348703662256642
HOU_AZ_01_2026,0.5368695947105707
HOU_AZ_02_2026,0.4511515075266724
HOU_AZ_03_2026,1.0
HOU_AZ_04_2026,0.6150484774622909
HOU_AZ_05_2026,0.4599697095023525
HOU_AZ_06_2026,0.5078285855521066
HOU_AZ_07_2026,0.6923031487614351
HOU_AZ_08_2026,0.4402418352306968
HOU_AZ_09_2026,0.3770012145231309
HOU_CA_01_2026,0.5729318332370341
HOU_CA_02_2026,0.7004632288527338
HOU_CA_03_2026,0.6342956228950282
HOU_CA_04_2026,1.0
HOU_CA_05_2026,0.4227686202525895
HOU_CA_06_2026,0.5554586182589268
HOU_CA_07_2026,1.0
HOU_CA_08_2026,0.7435697389002474
HOU_CA_09_2026,0.6399722003498448
HOU_CA_10_2026,0.7415297188774226
HOU_CA_11_2026,1.0
HOU_CA_12_2026,1.0
HOU_CA_13_2026,0.5893264858701532
HOU_CA_14_2026,1.0
HOU_CA_15_2026,0.8077860213578597
HOU_CA_16_2026,0.8088503796306378
HOU_CA_17_2026,0.7683160687423382
HOU_CA_18_2026,0.7178477473081096
HOU_CA_19_2026,0.745787151968535
HOU_CA_20_2026,0.3707037614091938
HOU_CA_21_2026,0.6148710844168277
HOU_CA_22_2026,0.5085381577339586
HOU_CA_23_2026,0.4286225907528691
HOU_CA_24_2026,0.7017936766937066
HOU_CA_25_2026,0.6139841191895127
HOU_CA_26_2026,0.6220182565328193
HOU_CA_27_2026,0.632166906349472
HOU_CA_28_2026,0.7035676071483367
HOU_CA_29_2026,1.0
HOU_CA_30_2026,0.771420447037941
HOU_CA_31_2026,0.6435200612591052
HOU_CA_32_2026,0.7017936766937066
HOU_CA_33_2026,0.632344299394935
HOU_CA_34_2026,1.0
HOU_CA_35_2026,0.6232972540763211
HOU_CA_36_2026,0.7668969243786341
HOU_CA_37_2026,1.0
HOU_CA_38_2026,0.6088024746458244
HOU_CA_39_2026,0.6310138515539624
HOU_CA_40_2026,0.0
HOU_CA_41_2026,0.652567106577719
HOU_CA_42_2026,0.6477774943502176
HOU_CA_43_2026,0.8119547579262405
HOU_CA_44_2026,0.7487141372186747
HOU_CA_45_2026,0.6056466460527509
HOU_CA_46_2026,0.661614151896333
HOU_CA_47_2026,0.6340295333268336
HOU_CA_48_2026,0.5677359846211358
HOU_CA_49_2026,0.6429878821227162
HOU_CA_50_2026,0.6711933763513359
HOU_CA_51_2026,0.671015983305873
HOU_CA_52_2026,0.6676455154420756
HOU_CO_01_2026,0.8067731133825524
HOU_CO_02_2026,0.7623734017193271
HOU_CO_03_2026,0.4677377572774646
HOU_CO_04_2026,0.4269373568209705
HOU_CO_05_2026,0.4675603642320016
HOU_CO_06_2026,0.6758055955333745
HOU_CO_07_2026,0.6483983700093381
HOU_CO_08_2026,0.5092477299158107
HOU_CT_01_2026,0.6545698803752831
HOU_CT_02_2026,0.6200154827352553
HOU_CT_03_2026,0.6507931761230888
HOU_CT_04_2026,0.6946979548751858
HOU_CT_05_2026,0.611944099166688
HOU_DE_01_2026,0.65203492744133
HOU_FL_01_2026,0.3503035611809468
HOU_FL_02_2026,0.4716776505029116
HOU_FL_03_2026,0.4224138341616635
HOU_FL_04_2026,0.4639238068000096
HOU_FL_05_2026,0.4208172967524964
HOU_FL_06_2026,0.382589095455216
HOU_FL_07_2026,0.4963352838222711
HOU_FL_08_2026,0.4442331787536147
HOU_FL_09_2026,0.5080804710480911
HOU_FL_10_2026,1.0
HOU_FL_11_2026,0.4820551436624982
HOU_FL_12_2026,0.4479584327083381
HOU_FL_13_2026,0.4572715675951465
HOU_FL_14_2026,0.5405433983678233
HOU_FL_15_2026,0.4278243220482856
HOU_FL_16_2026,0.4910134924583806
HOU_FL_17_2026,0.4183337941160141
HOU_FL_18_2026,0.4411288004580119
HOU_FL_19_2026,0.4173953785912282
HOU_FL_20_2026,0.7539472320598338
HOU_FL_21_2026,0.4442331787536147
HOU_FL_22_2026,0.5062692943682001
HOU_FL_23_2026,0.6491079421911903
HOU_FL_24_2026,0.7254384020377586
HOU_FL_25_2026,0.5467521549590288
HOU_FL_26_2026,0.4347426508213433
HOU_FL_27_2026,0.451772383185793
HOU_FL_28_2026,0.4033440817743891
HOU_GA_01_2026,0.4777090140486543
HOU_GA_02_2026,0.6179754627124305
HOU_GA_03_2026,0.377178607568594
HOU_GA_04_2026,0.8220661615176326
HOU_GA_05_2026,0.9031347832942318
HOU_GA_06_2026,0.8038833743576732
HOU_GA_07_2026,0.4141650575476332
HOU_GA_08_2026,0.377178607568594
HOU_GA_09_2026,0.3597940891132182
HOU_GA_10_2026,0.4521644155019797
HOU_GA_11_2026,0.4424964945242452
HOU_GA_12_2026,0.4515949901403299
HOU_GA_13_2026,0.7331549995153999
HOU_GA_14_2026,0.3449817698170562
HOU_HI_01_2026,0.6978023331707887
HOU_HI_02_2026,0.6877796261021281
HOU_IA_01_2026,0.4784700365279771
HOU_IA_02_2026,0.5069788665500522
HOU_IA_03_2026,0.4950562862787693
HOU_IA_04_2026,0.4101222637272445
HOU_ID_01_2026,0.313051021633713
HOU_ID_02_2026,0.392345712955682
HOU_IL_01_2026,0.736562713604458
HOU_IL_02_2026,0.7022886096048347
HOU_IL_03_2026,0.7337244248770497
HOU_IL_04_2026,0.6936850468998784
HOU_IL_05_2026,0.7505767641960364
HOU_IL_06_2026,0.611766706121225
HOU_IL_07_2026,0.8476622103617779
HOU_IL_08_2026,0.5862735578720212
HOU_IL_09_2026,0.7155043914918296
HOU_IL_10_2026,0.6844978547610623
HOU_IL_11_2026,0.636867822054242
HOU_IL_12_2026,0.3153571312247322
HOU_IL_13_2026,0.6290625280538692
HOU_IL_14_2026,0.611411920030299
HOU_IL_15_2026,0.3319433809755244
HOU_IL_16_2026,0.4091980522746686
HOU_IL_17_2026,0.6058240390982139
HOU_IN_01_2026,0.5917212919839039
HOU_IN_02_2026,0.3952726982058218
HOU_IN_03_2026,0.3708811544546568
HOU_IN_04_2026,0.3777994832277145
HOU_IN_05_2026,0.4352748299577323
HOU_IN_06_2026,0.3640515222043307
HOU_IN_07_2026,0.7690256409241902
HOU_IN_08_2026,0.3518114020673824
HOU_IN_09_2026,0.3783316623641035
HOU_KS_01_2026,0.3707924579319253
HOU_KS_02_2026,0.4250747298436088
HOU_KS_03_2026,0.5998813720752028
HOU_KS_04_2026,0.4068032461609179
HOU_KY_01_2026,0.3028509215195895
HOU_KY_02_2026,0.3293711818163107
HOU_KY_03_2026,0.6703064111240208
HOU_KY_04_2026,0.3886577052262193
HOU_KY_05_2026,0.2285232354705851
HOU_KY_06_2026,0.4822325367079612
HOU_LA_01_2026,0.3442721976352041
HOU_LA_02_2026,0.8020207473803117
HOU_LA_03_2026,0.3550931734084482
HOU_LA_04_2026,0.3632532534997471
HOU_LA_05_2026,0.3994786809994634
HOU_LA_06_2026,0.4165084133639131
HOU_MA_01_2026,1.0
HOU_MA_02_2026,1.0
HOU_MA_03_2026,0.6765151677152265
HOU_MA_04_2026,0.6800630286244868
HOU_MA_05_2026,1.0
HOU_MA_06_2026,0.6469419794203733
HOU_MA_07_2026,1.0
HOU_MA_08_2026,0.7106633289668574
HOU_MA_09_2026,0.6378434838042886
HOU_MD_01_2026,0.4362504917077789
HOU_MD_02_2026,0.6674681223966126
HOU_MD_03_2026,0.6913274870113885
HOU_MD_04_2026,0.9239784661361364
HOU_MD_05_2026,0.6999825000138157
HOU_MD_06_2026,0.611766706121225
HOU_MD_07_2026,0.8536421236100498
HOU_MD_08_2026,0.8445950782914359
HOU_ME_01_2026,0.680417814715413
HOU_ME_02_2026,0.5079545283000988
HOU_MI_01_2026,0.4163824706159209
HOU_MI_02_2026,0.3768238214776679
HOU_MI_03_2026,0.6170884974851155
HOU_MI_04_2026,0.487162295755665
HOU_MI_05_2026,0.3918135338192929
HOU_MI_06_2026,0.6904405217840734
HOU_MI_07_2026,0.5064981377111339
HOU_MI_08_2026,0.5765541865968159
HOU_MI_09_2026,0.36813156224998
HOU_MI_10_2026,0.5222346684598718
HOU_MI_11_2026,0.6225504356692083
HOU_MI_12_2026,0.7680499791741436
HOU_MI_13_2026,0.7408715969930413
HOU_MN_01_2026,0.4591341945725082
HOU_MN_02_2026,0.573501258598684
HOU_MN_03_2026,0.676958650328884
HOU_MN_04_2026,0.7448114902184884
HOU_MN_05_2026,0.8637535272014418
HOU_MN_06_2026,0.4235668889571731
HOU_MN_07_2026,0.3493278994309002
HOU_MN_08_2026,0.4491114875038476
HOU_MO_01_2026,0.840248948677592
HOU_MO_02_2026,0.4748334790959853
HOU_MO_03_2026,0.3903943894555888
HOU_MO_04_2026,0.3233398182705681
HOU_MO_05_2026,0.6889326808976378
HOU_MO_06_2026,0.3729584207027422
HOU_MO_07_2026,0.3200580469295023
HOU_MO_08_2026,0.2709201733362463
HOU_MS_01_2026,0.3497713820445577
HOU_MS_02_2026,0.6786438842607828
HOU_MS_03_2026,0.3849839015689668
HOU_MS_04_2026,0.3244928730660777
HOU_MT_01_2026,0.4981092142769013
HOU_MT_02_2026,0.378242965841372
HOU_NC_01_2026,0.5360198757085164
HOU_NC_02_2026,0.7403766640819128
HOU_NC_03_2026,0.4559411197541739
HOU_NC_04_2026,0.7919093437889196
HOU_NC_05_2026,0.437314849980557
HOU_NC_06_2026,0.4398870491397708
HOU_NC_07_2026,0.4551428510495903
HOU_NC_08_2026,0.4301304316393048
HOU_NC_09_2026,0.4459184126855134
HOU_NC_10_2026,0.4375809395487515
HOU_NC_11_2026,0.5096397622319975
HOU_NC_12_2026,0.7963441699254951
HOU_NC_13_2026,0.4431688204808366
HOU_NC_14_2026,0.4494662735947737
HOU_ND_01_2026,0.347731362021733
HOU_NE_01_2026,0.4537237066858861
HOU_NE_02_2026,0.5683568602802563
HOU_NE_03_2026,0.2705653872453202
HOU_NH_01_2026,0.5590437253934479
HOU_NH_02_2026,0.6029857503708056
HOU_NJ_01_2026,0.6716368589649935
HOU_NJ_02_2026,0.462415965913574
HOU_NJ_03_2026,0.6248937914854883
HOU_NJ_04_2026,0.3834760606825311
HOU_NJ_05_2026,0.5999700685979342
HOU_NJ_06_2026,0.6244503088718307
HOU_NJ_07_2026,0.5106668742795148
HOU_NJ_08_2026,1.0
HOU_NJ_09_2026,0.5981961381433041
HOU_NJ_10_2026,0.822154858040364
HOU_NJ_11_2026,0.6295947071902582
HOU_NJ_12_2026,0.6659230352849161
HOU_NM_01_2026,0.6405930760089654
HOU_NM_02_2026,0.5814324953470489
HOU_NM_03_2026,0.6107910443711784
HOU_NV_01_2026,0.5982848346660355
HOU_NV_02_2026,0.4856030045717585
HOU_NV_03_2026,0.5859560180063559
HOU_NV_04_2026,0.5981961381433041
HOU_NY_01_2026,0.4743899964823277
HOU_NY_02_2026,0.4607307319816753
HOU_NY_03_2026,0.5791263857560297
HOU_NY_04_2026,0.6015666060071014
HOU_NY_05_2026,0.7928850055389662
HOU_NY_06_2026,0.6354486776905378
HOU_NY_07_2026,0.7703188425399021
HOU_NY_08_2026,0.7915545576979934
HOU_NY_09_2026,0.7770083279700262
HOU_NY_10_2026,0.8307211745200597
HOU_NY_11_2026,0.4191320628205977
HOU_NY_12_2026,0.8413647572478408
HOU_NY_13_2026,0.8322290154064953
HOU_NY_14_2026,0.750310674627842
HOU_NY_15_2026,0.8219774649949011
HOU_NY_16_2026,0.741618415400154
HOU_NY_17_2026,0.5234391735528522
HOU_NY_18_2026,0.602364874711685
HOU_NY_19_2026,0.5919873815520984
HOU_NY_20_2026,0.6502609969866998
HOU_NY_21_2026,0.4588166547068429
HOU_NY_22_2026,0.6193946070761347
HOU_NY_23_2026,0.4192207593433291
HOU_NY_24_2026,0.4099963209792523
HOU_NY_25_2026,0.6664037641238345
HOU_NY_26_2026,0.6743864511696702
HOU_OH_01_2026,0.5760220074604269
HOU_OH_02_2026,0.3285729131117271
HOU_OH_03_2026,0.7679612826514122
HOU_OH_04_2026,0.3261781069979764
HOU_OH_05_2026,0.4106171966383728
HOU_OH_06_2026,0.3621888952269689
HOU_OH_07_2026,0.46747166770927
HOU_OH_08_2026,0.4469827709582915
HOU_OH_09_2026,0.5402773087996288
HOU_OH_10_2026,0.4821065939599689
HOU_OH_11_2026,0.8335967094727288
HOU_OH_12_2026,0.3823230058870215
HOU_OH_13_2026,0.602364874711685
HOU_OH_14_2026,0.4258729985481924
HOU_OH_15_2026,0.4720838868913085
HOU_OK_01_2026,0.4481730719790618
HOU_OK_02_2026,0.2620505210630954
HOU_OK_03_2026,0.3052457276333403
HOU_OK_04_2026,0.3616567160905798
HOU_OK_05_2026,0.4307513072984253
HOU_OR_01_2026,0.755721162514464
HOU_OR_02_2026,0.3897735137964682
HOU_OR_03_2026,0.7929737020616977
HOU_OR_04_2026,0.636867822054242
HOU_OR_05_2026,0.6203702688261813
HOU_OR_06_2026,0.6350051950768802
HOU_PA_01_2026,0.5165208447797945
HOU_PA_02_2026,0.7489802267868693
HOU_PA_03_2026,1.0
HOU_PA_04_2026,0.6553166987823958
HOU_PA_05_2026,0.7133242246488026
HOU_PA_06_2026,0.6358034637814639
HOU_PA_07_2026,0.5002006845971968
HOU_PA_08_2026,0.4785587330507087
HOU_PA_09_2026,0.3417886949987219
HOU_PA_10_2026,0.4880492609829801
HOU_PA_11_2026,0.4146085401612908
HOU_PA_12_2026,0.6677342119648071
HOU_PA_13_2026,0.3068422650425074
HOU_PA_14_2026,0.3632532534997471
HOU_PA_15_2026,0.3413452123850644
HOU_PA_16_2026,0.4107058931611043
HOU_PA_17_2026,0.6060014321436769
HOU_RI_01_2026,0.6890213774203693
HOU_RI_02_2026,0.6194833035988662
HOU_SC_01_2026,0.4919004576856957
HOU_SC_02_2026,0.4514175970948669
HOU_SC_03_2026,0.3230737287023736
HOU_SC_04_2026,0.4096415348883262
HOU_SC_05_2026,0.4483504650245248
HOU_SC_06_2026,0.6937222931251392
HOU_SC_07_2026,0.4008605791379069
HOU_SD_01_2026,0.4164197168411816
HOU_TN_01_2026,0.257793087971983
HOU_TN_02_2026,0.3647610943861827
HOU_TN_03_2026,0.3564236212494209
HOU_TN_04_2026,0.4092867487974002
HOU_TN_05_2026,0.4485278580699879
HOU_TN_06_2026,0.4330946631147053
HOU_TN_07_2026,0.4162050775704579
HOU_TN_08_2026,0.4263164811618499
HOU_TN_09_2026,0.4573088138204072
HOU_TX_01_2026,0.2956665031783373
HOU_TX_02_2026,0.4496809128654975
HOU_TX_03_2026,0.4106171966383728
HOU_TX_04_2026,0.4053841017972138
HOU_TX_05_2026,0.4201077245706442
HOU_TX_06_2026,0.4137215749339756
HOU_TX_07_2026,0.6945205618297229
HOU_TX_08_2026,0.4281276578417408
HOU_TX_09_2026,0.4637836599798073
HOU_TX_10_2026,0.4505678780928125
HOU_TX_11_2026,0.362721074363358
HOU_TX_12_2026,0.4098189279337892
HOU_TX_13_2026,0.3100353398608418
HOU_TX_14_2026,0.4079563009564275
HOU_TX_15_2026,0.4370487604123624
HOU_TX_16_2026,0.6614367588508699
HOU_TX_17_2026,0.4195755454342552
HOU_TX_18_2026,0.8347497642682384
HOU_TX_19_2026,0.3209822583820781
HOU_TX_20_2026,0.7157190307625535
HOU_TX_21_2026,0.4543818285702674
HOU_TX_22_2026,0.4515435398428591
HOU_TX_23_2026,0.485869094139953
HOU_TX_24_2026,0.4443218752763462
HOU_TX_25_2026,0.4090206592292057
HOU_TX_26_2026,0.4099076244565207
HOU_TX_27_2026,0.421792958502543
HOU_TX_28_2026,0.5412529705496754
HOU_TX_29_2026,0.7244112899902413
HOU_TX_30_2026,0.7642874789941595
HOU_TX_31_2026,0.4187772767296716
HOU_TX_32_2026,0.4719437400711062
HOU_TX_33_2026,0.7001598930592786
HOU_TX_34_2026,0.5423173288224534
HOU_TX_35_2026,0.5054710256636166
HOU_TX_36_2026,0.4046745296153617
HOU_TX_37_2026,0.8435307200186577
HOU_TX_38_2026,0.4578409929567963
HOU_UT_01_2026,0.6601577613073681
HOU_UT_02_2026,0.3842743293871147
HOU_UT_03_2026,0.3288390026799216
HOU_UT_04_2026,0.3686637413863691
HOU_VA_01_2026,0.4867188131420075
HOU_VA_02_2026,0.51155383950683
HOU_VA_03_2026,0.7411749327864965
HOU_VA_04_2026,0.731329618763299
HOU_VA_05_2026,0.4596663737088973
HOU_VA_06_2026,0.4056501913654083
HOU_VA_07_2026,0.5982848346660355
HOU_VA_08_2026,0.8131965092444817
HOU_VA_09_2026,0.3155345242701953
HOU_VA_10_2026,0.6297721002357213
HOU_VA_11_2026,0.7447227936957569
HOU_VT_01_2026,0.7305313500587154
HOU_WA_01_2026,0.7146546724897753
HOU_WA_02_2026,0.6884005017612487
HOU_WA_03_2026,0.5648462455962567
HOU_WA_04_2026,0.4557122764112401
HOU_WA_05_2026,0.4619724832999165
HOU_WA_06_2026,0.6667585502147605
HOU_WA_07_2026,0.9243332522270624
HOU_WA_08_2026,0.6084849347801591
HOU_WA_09_2026,0.774170039242618
HOU_WA_10_2026,0.6631219927827686
HOU_WI_01_2026,0.4928388732104816
HOU_WI_02_2026,1.0
HOU_WI_03_2026,0.4799778774144128
HOU_WI_04_2026,0.8150591362218436
HOU_WI_05_2026,0.4098189279337892
HOU_WI_06_2026,0.4370487604123624
HOU_WI_07_2026,0.4471974102290152
HOU_WI_08_2026,0.4380244221624091
HOU_WV_01_2026,0.3138492903382966
HOU_WV_02_2026,0.3341607940438121
HOU_WY_01_2026,0.339608528155695
SEN_AK_2026,0.4454731437164947
SEN_AL_2026,0.4180050554695407
SEN_AR_2026,0.3736353067044072
SEN_CO_2026,0.6268072347770143
SEN_DE_2026,0.6433477751274271
SEN_FL_2026,0.4540677382122975
SEN_GA_2026,0.5719153435160852
SEN_IA_2026,0.488707757359541
SEN_ID_2026,0.3515001718237077
SEN_IL_2026,0.589491539984851
SEN_KS_2026,0.4326623330529396
SEN_KY_2026,0.4169510014276026
SEN_LA_2026,0.4509239740100683
SEN_MA_2026,0.6918342610565787
SEN_ME_2026,0.5287434130296028
SEN_MI_2026,0.5365455946475
SEN_MN_2026,0.5585996484480504
SEN_MS_2026,0.4103650360119418
SEN_MT_2026,0.4584645144639331
SEN_NC_2026,0.5267347839494608
SEN_NE_2026,0.414500171099545
SEN_NH_2026,0.55422127012
SEN_NJ_2026,0.6130234511516702
SEN_NM_2026,0.6082396674228743
SEN_OH_2026,0.4550407111740865
SEN_OK_2026,0.3974915421918227
SEN_OR_2026,0.6404288562420603
SEN_RI_2026,0.6429423697266817
SEN_SC_2026,0.4709510008068918
SEN_SD_2026,0.3796353066354394
SEN_TN_2026,0.382148820120061
SEN_TX_2026,0.4900861357220754
SEN_VA_2026,0.6066991269000418
SEN_WV_2026,0.3278244964201754
SEN_WY_2026,0.3497347859840129
