race_id,office,state,district,special,senate_class,race_type,scored,fixed_prediction,dem_candidate,d_side_party,rep_candidate,r_side_party,incumbent_party,incumbent_name,open_seat,prior_holder,incumbent_lost_primary,pvi,redrawn_since_2024,rcv,runoff_rule,notes
HOU_AK_01_2026,house,AK,1,0,,independent_D_side,1,,Bill Hill,I,Nick Begich,R,R,Nick Begich,0,,0,-6.45,0,1,0,
HOU_AL_01_2026,house,AL,1,0,,standard,1,,Clyde Jones,D,Jerry Carl,R,R,,1,Moore,0,-17.42,1,0,0,
HOU_AL_02_2026,house,AL,2,0,,standard,1,,Shomari Figures,D,Rhett Marques,R,D,Shomari Figures,0,,0,-6.48,1,0,0,
HOU_AL_03_2026,house,AL,3,0,,standard,1,,Lee McInnis,D,Mike Rogers,R,R,Mike Rogers,0,,0,-22.79,1,0,0,
HOU_AL_04_2026,house,AL,4,0,,standard,1,,Amanda Pusczek,D,Robert Aderholt,R,R,Robert Aderholt,0,,0,-32.71,1,0,0,
HOU_AL_05_2026,house,AL,5,0,,standard,1,,Andrew Sneed,D,Dale Strong,R,R,Dale Strong,0,,0,-14.0,1,0,0,
HOU_AL_06_2026,house,AL,6,0,,standard,1,,Maurice Mercer,D,Gary Palmer,R,R,Gary Palmer,0,,0,-16.75,1,0,0,
HOU_AL_07_2026,house,AL,7,0,,standard,1,,Terri Sewell,D,Ammie Akin,R,D,Terri Sewell,0,,0,9.72,1,0,0,
HOU_AR_01_2026,house,AR,1,0,,standard,1,,Terri Green,D,Rick Crawford,R,R,Rick Crawford,0,,0,-22.59,0,0,0,
HOU_AR_02_2026,house,AR,2,0,,standard,1,,Chris Jones,D,French Hill,R,R,French Hill,0,,0,-7.66,0,0,0,
HOU_AR_03_2026,house,AR,3,0,,standard,1,,Robb Ryerse,D,Steve Womack,R,R,Steve Womack,0,,0,-12.62,0,0,0,
HOU_AR_04_2026,house,AR,4,0,,standard,1,,James Russell,D,Bruce Westerman,R,R,Bruce Westerman,0,,0,-19.78,0,0,0,
HOU_AZ_01_2026,house,AZ,1,0,,standard,1,,Amish Shah,D,Jay Feely,R,R,,1,Schweikert,0,-0.99,0,0,0,
HOU_AZ_02_2026,house,AZ,2,0,,standard,1,,Jonathan Nez,D,Eli Crane,R,R,Eli Crane,0,,0,-6.67,0,0,0,
HOU_AZ_03_2026,house,AZ,3,0,,no_R_side,0,1.0,Yassamin Ansari,D,,,D,Yassamin Ansari,0,,0,21.54,0,0,0,No Republican on the ballot (Republican write-in only).
HOU_AZ_04_2026,house,AZ,4,0,,standard,1,,Greg Stanton,D,Zuhdi Jasser,R,D,Greg Stanton,0,,0,3.84,0,0,0,
HOU_AZ_05_2026,house,AZ,5,0,,standard,1,,Elizabeth Lee,D,Mark Lamb,R,R,,1,Biggs,0,-9.66,0,0,0,
HOU_AZ_06_2026,house,AZ,6,0,,standard,1,,JoAnna Mendoza,D,Juan Ciscomani,R,R,Juan Ciscomani,0,,0,-0.28,0,0,0,
HOU_AZ_07_2026,house,AZ,7,0,,standard,1,,Adelita Grijalva,D,Daniel Butierez,R,D,Adelita Grijalva,0,,0,12.55,0,0,0,
HOU_AZ_08_2026,house,AZ,8,0,,standard,1,,Bernadette Greene-Placentia,D,Abraham Hamadeh,R,R,Abraham Hamadeh,0,,0,-7.9,0,0,0,
HOU_AZ_09_2026,house,AZ,9,0,,standard,1,,Danielle Sterbinsky,D,Paul Gosar,R,R,Paul Gosar,0,,0,-15.03,0,0,0,
HOU_CA_01_2026,house,CA,1,0,,standard,1,,Mike McGuire,D,James Gallagher,R,R,James Gallagher,0,,0,7.06,1,0,0,
HOU_CA_02_2026,house,CA,2,0,,standard,1,,Jared Huffman,D,Robin Littau,R,D,Jared Huffman,0,,0,13.47,1,0,0,
HOU_CA_03_2026,house,CA,3,0,,standard,1,,Ami Bera,D,Robb Tucker,R,D,Ami Bera,0,,0,6.01,1,0,0,
HOU_CA_04_2026,house,CA,4,0,,same_party_D,0,1.0,Mike Thompson,D,,,D,Mike Thompson,0,,0,8.22,1,0,0,"Top-two D vs D; second Democrat: Eric Jones (candidate file, side D2)."
HOU_CA_05_2026,house,CA,5,0,,standard,1,,Michael Masuda,D,Tom McClintock,R,R,Tom McClintock,0,,0,-9.87,1,0,0,
HOU_CA_06_2026,house,CA,6,0,,independent_R_side,1,,Richard Pan,D,Kevin Kiley,I,I,Kevin Kiley,0,,0,5.09,1,0,0,"Kiley (incumbent, No Party Preference, formerly R) vs Pan (D). Kiley is the R-side candidate."
HOU_CA_07_2026,house,CA,7,0,,same_party_D,0,1.0,Doris Matsui,D,,,D,Doris Matsui,0,,0,7.37,1,0,0,"Top-two D vs D; second Democrat: Mai Vang (candidate file, side D2)."
HOU_CA_08_2026,house,CA,8,0,,standard,1,,John Garamendi,D,Rudy Recile,R,D,John Garamendi,0,,0,18.33,1,0,0,
HOU_CA_09_2026,house,CA,9,0,,standard,1,,Josh Harder,D,John McBride,R,D,Josh Harder,0,,0,6.65,1,0,0,
HOU_CA_10_2026,house,CA,10,0,,standard,1,,Mark DeSaulnier,D,Jeff Frese,R,D,Mark DeSaulnier,0,,0,18.1,1,0,0,
HOU_CA_11_2026,house,CA,11,0,,same_party_D,0,1.0,Scott Wiener,D,,,D,,1,Pelosi,0,36.06,1,0,0,"Top-two D vs D; second Democrat: Connie Chan (candidate file, side D2). Pelosi retiring; Wiener vs Chan (both D)."
HOU_CA_12_2026,house,CA,12,0,,same_party_D,0,1.0,Lateefah Simon,D,,,D,Lateefah Simon,0,,0,39.57,1,0,0,"Top-two D vs D; second Democrat: Jamie Joyce (candidate file, side D2)."
HOU_CA_13_2026,house,CA,13,0,,standard,1,,Adam Gray,D,Kevin Lincoln,R,D,Adam Gray,0,,0,0.94,1,0,0,
HOU_CA_14_2026,house,CA,14,0,,same_party_D,0,1.0,Aisha Wahab,D,,,D,Aisha Wahab,0,Eric Swalwell (resigned),0,18.85,1,0,0,"Top-two D vs D; second Democrat: Melissa Hernandez (candidate file, side D2). Swalwell resigned; Wahab won the Aug special runoff over Hernandez and is the incumbent. Regular Nov race is the same pair."
HOU_CA_15_2026,house,CA,15,0,,standard,1,,Kevin Mullin,D,Charles Hoelter,R,D,Kevin Mullin,0,,0,25.57,1,0,0,
HOU_CA_16_2026,house,CA,16,0,,standard,1,,Sam Liccardo,D,Peter Soule,R,D,Sam Liccardo,0,,0,25.69,1,0,0,
HOU_CA_17_2026,house,CA,17,0,,standard,1,,Ro Khanna,D,Ritesh Tandon,R,D,Ro Khanna,0,,0,21.12,1,0,0,
HOU_CA_18_2026,house,CA,18,0,,standard,1,,Zoe Lofgren,D,Shane Lewis,R,D,Zoe Lofgren,0,,0,15.43,1,0,0,
HOU_CA_19_2026,house,CA,19,0,,standard,1,,Jimmy Panetta,D,Peter Verbica,R,D,Jimmy Panetta,0,,0,18.58,1,0,0,
HOU_CA_20_2026,house,CA,20,0,,standard,1,,Sandra Van Scotter,D,Vince Fong,R,R,Vince Fong,0,,0,-15.74,1,0,0,
HOU_CA_21_2026,house,CA,21,0,,standard,1,,Jim Costa,D,Kyle Kirkland,R,D,Jim Costa,0,,0,3.82,1,0,0,
HOU_CA_22_2026,house,CA,22,0,,standard,1,,Randy Villegas,D,David Valadao,R,R,David Valadao,0,,0,-0.2,1,0,0,
HOU_CA_23_2026,house,CA,23,0,,standard,1,,Tessa Hodge,D,Jay Obernolte,R,R,Jay Obernolte,0,,0,-9.21,1,0,0,
HOU_CA_24_2026,house,CA,24,0,,standard,1,,Salud Carbajal,D,Bob Smith,R,D,Salud Carbajal,0,,0,13.62,1,0,0,
HOU_CA_25_2026,house,CA,25,0,,standard,1,,Raul Ruiz,D,Joe Males,R,D,Raul Ruiz,0,,0,3.72,1,0,0,
HOU_CA_26_2026,house,CA,26,0,,standard,1,,Jacqui Irwin,D,Sam Gallucci,R,D,,1,Brownley,0,8.61,1,0,0,
HOU_CA_27_2026,house,CA,27,0,,standard,1,,George Whitesides,D,Jason Gibbs,R,D,George Whitesides,0,,0,5.77,1,0,0,
HOU_CA_28_2026,house,CA,28,0,,standard,1,,Judy Chu,D,April Verlato,R,D,Judy Chu,0,,0,13.82,1,0,0,
HOU_CA_29_2026,house,CA,29,0,,same_party_D,0,1.0,Luz Rivas,D,,,D,Luz Rivas,0,,0,18.1,1,0,0,"Top-two D vs D; second Democrat: Angelica Duenas (candidate file, side D2). Primary: Rivas 51.0, Duenas 24.9, Melendez (R) 24.0."
HOU_CA_30_2026,house,CA,30,0,,standard,1,,Laura Friedman,D,Scott Meyers,R,D,Laura Friedman,0,,0,21.47,1,0,0,
HOU_CA_31_2026,house,CA,31,0,,standard,1,,Gil Cisneros,D,Eric Ching,R,D,Gil Cisneros,0,,0,7.05,1,0,0,
HOU_CA_32_2026,house,CA,32,0,,standard,1,,Brad Sherman,D,Larry Thompson,R,D,Brad Sherman,0,,0,13.62,1,0,0,
HOU_CA_33_2026,house,CA,33,0,,standard,1,,Pete Aguilar,D,Stephanie Vargas,R,D,Pete Aguilar,0,,0,5.79,1,0,0,
HOU_CA_34_2026,house,CA,34,0,,same_party_D,0,1.0,Jimmy Gomez,D,,,D,Jimmy Gomez,0,,0,27.27,1,0,0,"Top-two D vs D; second Democrat: Angela Gonzales-Torres (candidate file, side D2)."
HOU_CA_35_2026,house,CA,35,0,,standard,1,,Norma Torres,D,Mike Cargile,R,D,Norma Torres,0,,0,4.77,1,0,0,
HOU_CA_36_2026,house,CA,36,0,,standard,1,,Ted Lieu,D,Houston Brignano,R,D,Ted Lieu,0,,0,20.96,1,0,0,
HOU_CA_37_2026,house,CA,37,0,,same_party_D,0,1.0,Sydney Kamlager-Dove,D,,,D,Sydney Kamlager-Dove,0,,0,31.9,1,0,0,"Top-two D vs D; second Democrat: Samantha Mota (candidate file, side D2)."
HOU_CA_38_2026,house,CA,38,0,,standard,1,,Hilda Solis,D,Pedro Antonio Casas,R,D,,1,Sánchez,0,7.12,1,0,0,
HOU_CA_39_2026,house,CA,39,0,,standard,1,,Mark Takano,D,Steve Manos,R,D,Mark Takano,0,,0,5.64,1,0,0,
HOU_CA_40_2026,house,CA,40,0,,same_party_R,0,0.0,,,Young Kim,R,R,Young Kim,0,,0,-5.55,1,0,0,"Two incumbents after redistricting: Young Kim (R) vs Ken Calvert (R), top-two."
HOU_CA_41_2026,house,CA,41,0,,standard,1,,Linda Sanchez,D,Mitch Clemmons,R,D,Linda Sanchez,0,,0,8.07,1,0,0,
HOU_CA_42_2026,house,CA,42,0,,standard,1,,Robert Garcia,D,Brian Burley,R,D,Robert Garcia,0,,0,7.53,1,0,0,
HOU_CA_43_2026,house,CA,43,0,,standard,1,,Maxine Waters,D,Cristian Morales,R,D,Maxine Waters,0,,0,26.04,1,0,0,
HOU_CA_44_2026,house,CA,44,0,,standard,1,,Nanette Barragan,D,Genevieve Angel,R,D,Nanette Barragan,0,,0,18.91,1,0,0,
HOU_CA_45_2026,house,CA,45,0,,standard,1,,Derek Tran,D,Chuong Vo,R,D,Derek Tran,0,,0,2.78,1,0,0,
HOU_CA_46_2026,house,CA,46,0,,standard,1,,Lou Correa,D,David Pan,R,D,Lou Correa,0,,0,9.09,1,0,0,
HOU_CA_47_2026,house,CA,47,0,,standard,1,,David Min,D,Jenny Le Roux,R,D,Dave Min,0,,0,5.98,1,0,0,
HOU_CA_48_2026,house,CA,48,0,,standard,1,,Marni von Wilpert,D,Jim Desmond,R,R,,1,Issa,0,2.49,1,0,0,
HOU_CA_49_2026,house,CA,49,0,,standard,1,,Mike Levin,D,Armen Kurdian,R,D,Mike Levin,0,,0,6.99,1,0,0,
HOU_CA_50_2026,house,CA,50,0,,standard,1,,Scott Peters,D,Steve Cohen,R,D,Scott Peters,0,,0,10.17,1,0,0,
HOU_CA_51_2026,house,CA,51,0,,standard,1,,Sara Jacobs,D,Ricardo Cabrera,R,D,Sara Jacobs,0,,0,10.15,1,0,0,
HOU_CA_52_2026,house,CA,52,0,,standard,1,,Juan Vargas,D,Jeff Belle,R,D,Juan Vargas,0,,0,9.77,1,0,0,
HOU_CO_01_2026,house,CO,1,0,,standard,1,,Melat Kiros,D,Christy Peterson,R,D,,1,DeGette,0,29.44,0,0,0,
HOU_CO_02_2026,house,CO,2,0,,standard,1,,Joe Neguse,D,Kelley Dennison,R,D,Joe Neguse,0,,0,20.45,0,0,0,
HOU_CO_03_2026,house,CO,3,0,,standard,1,,Dwayne Romero,D,Jeff Hurd,R,R,Jeff Hurd,0,,0,-4.8,0,0,0,
HOU_CO_04_2026,house,CO,4,0,,standard,1,,Eileen Laubacher,D,Lauren Boebert,R,R,Lauren Boebert,0,,0,-9.4,0,0,0,
HOU_CO_05_2026,house,CO,5,0,,standard,1,,Jessica Killin,D,Jeff Crank,R,R,Jeff Crank,0,,0,-4.82,0,0,0,
HOU_CO_06_2026,house,CO,6,0,,standard,1,,Jason Crow,D,Jason Clark,R,D,Jason Crow,0,,0,10.69,0,0,0,
HOU_CO_07_2026,house,CO,7,0,,standard,1,,Brittany Pettersen,D,Tim Bennett,R,D,Brittany Pettersen,0,,0,7.6,0,0,0,
HOU_CO_08_2026,house,CO,8,0,,standard,1,,Manny Rutinel,D,Gabe Evans,R,R,Gabe Evans,0,,0,-0.12,0,0,0,
HOU_CT_01_2026,house,CT,1,0,,standard,1,,Luke Bronin,D,Amy Chai,R,D,,1,John Larson,1,12.28,0,0,0,Larson (D) lost Aug 11 primary to Luke Bronin; not running third-party.
HOU_CT_02_2026,house,CT,2,0,,standard,1,,Joe Courtney,D,George Austin,R,D,Joe Courtney,0,,0,4.4,0,0,0,
HOU_CT_03_2026,house,CT,3,0,,standard,1,,Rosa Delauro,D,Christopher Lancia,R,D,Rosa DeLauro,0,,0,7.87,0,0,0,
HOU_CT_04_2026,house,CT,4,0,,standard,1,,Jim Himes,D,Michael Goldstein,R,D,Jim Himes,0,,0,12.82,0,0,0,
HOU_CT_05_2026,house,CT,5,0,,standard,1,,Jahana Hayes,D,Chris Shea,R,D,Jahana Hayes,0,,0,3.49,0,0,0,
HOU_DE_01_2026,house,DE,1,0,,standard,1,,Sarah McBride,D,Joe Arminio,R,D,Sarah McBride,0,,0,8.01,0,0,0,
HOU_FL_01_2026,house,FL,1,0,,standard,1,,Gay Valimont,D,Jimmy Patronis,R,R,Jimmy Patronis,0,,0,-18.04,1,0,0,
HOU_FL_02_2026,house,FL,2,0,,standard,1,,Amanda Green,D,Austin Rogers,R,R,,1,Dunn,0,-8.34,1,0,0,
HOU_FL_03_2026,house,FL,3,0,,standard,1,,Seth Harp,D,Kat Cammack,R,R,Kat Cammack,0,,0,-9.91,1,0,0,
HOU_FL_04_2026,house,FL,4,0,,standard,1,,LaShonda Holloway,D,Aaron Bean,R,R,Aaron Bean,0,,0,-5.23,1,0,0,
HOU_FL_05_2026,house,FL,5,0,,standard,1,,Rachel Grage,D,John Rutherford,R,R,John Rutherford,0,,0,-10.09,1,0,0,
HOU_FL_06_2026,house,FL,6,0,,standard,1,,Eric Yonce,D,Randy Fine,R,R,Randy Fine,0,,0,-14.4,1,0,0,
HOU_FL_07_2026,house,FL,7,0,,standard,1,,Bale Dalton,D,Ryan Elijah,R,R,,1,Cory Mills,1,-5.56,1,0,0,Mills (R) lost primary to Ryan Elijah.
HOU_FL_08_2026,house,FL,8,0,,standard,1,,Jennifer Jenkins,D,Mike Haridopolos,R,R,Mike Haridopolos,0,,0,-7.45,1,0,0,
HOU_FL_09_2026,house,FL,9,0,,standard,1,,Darren Soto,D,Dan Green,R,D,Darren Soto,0,,0,-8.22,1,0,0,
HOU_FL_10_2026,house,FL,10,0,,no_R_side,0,1.0,Maxwell Frost,D,,,D,Maxwell Frost,0,,0,12.9,1,0,0,No Republican on the ballot. Frost unopposed at qualifying.
HOU_FL_11_2026,house,FL,11,0,,standard,1,,James Pericola,D,Joe Strada,R,R,,1,Webster,0,-7.17,1,0,0,
HOU_FL_12_2026,house,FL,12,0,,standard,1,,Kimberly Overman,D,Gus Bilirakis,R,R,Gus Bilirakis,0,,0,-7.03,1,0,0,
HOU_FL_13_2026,house,FL,13,0,,standard,1,,Leela Gray,D,Anna Paulina Luna,R,R,Anna Paulina Luna,0,,0,-5.98,1,0,0,
HOU_FL_14_2026,house,FL,14,0,,standard,1,,Kathy Castor,D,Mike Beltran,R,D,Kathy Castor,0,,0,-4.56,1,0,0,
HOU_FL_15_2026,house,FL,15,0,,standard,1,,Robert People,D,Laurel Lee,R,R,Laurel Lee,0,,0,-9.3,1,0,0,
HOU_FL_16_2026,house,FL,16,0,,standard,1,,Kelly Kirschner,D,Sydney Gruters,R,R,,1,Buchanan,0,-6.16,1,0,0,
HOU_FL_17_2026,house,FL,17,0,,standard,1,,Matthew Montavon,D,Greg Steube,R,R,Greg Steube,0,,0,-10.37,1,0,0,
HOU_FL_18_2026,house,FL,18,0,,standard,1,,Curtis Gibson,D,Scott Franklin,R,R,Scott Franklin,0,,0,-7.8,1,0,0,
HOU_FL_19_2026,house,FL,19,0,,standard,1,,Victor Arias,D,Jim Schwartzel,R,R,,1,Donalds,0,-14.46,1,0,0,
HOU_FL_20_2026,house,FL,20,0,,standard,1,,Debbie Wasserman Schultz,D,Brent Andersen,R,D,Debbie Wasserman Schultz,0,,0,19.5,1,0,0,Wasserman Schultz (D) is a sitting member running in the redrawn FL-20 (she held FL-25 before the 2026 map); Cherfilus-McCormick resigned in April.
HOU_FL_21_2026,house,FL,21,0,,standard,1,,James Martin,D,Brian Mast,R,R,Brian Mast,0,,0,-7.45,1,0,0,
HOU_FL_22_2026,house,FL,22,0,,standard,1,,Pia Dandiya,D,Casey Askar,R,D,,1,Wasserman Schultz,0,-4.44,1,0,0,
HOU_FL_23_2026,house,FL,23,0,,standard,1,,Lois Frankel,D,Deborah Adeimy,R,D,Lois Frankel,0,,0,7.68,1,0,0,
HOU_FL_24_2026,house,FL,24,0,,standard,1,,Oliver Gilbert,D,Mayonna Brown,R,D,,1,Frederica Wilson,0,20.27,1,0,0,Wilson (D) retired; Oliver Gilbert won the D primary.
HOU_FL_25_2026,house,FL,25,0,,standard,1,,Jared Moskowitz,D,Scott Singer,R,D,Jared Moskowitz,0,,0,-3.86,1,0,0,
HOU_FL_26_2026,house,FL,26,0,,standard,1,,Nicole Locklin,D,Mario Diaz-Balart,R,R,Mario Diaz-Balart,0,,0,-8.52,1,0,0,
HOU_FL_27_2026,house,FL,27,0,,standard,1,,Eliott Rodriguez,D,Maria Elvira Salazar,R,R,Maria Elvira Salazar,0,,0,-6.6,1,0,0,
HOU_FL_28_2026,house,FL,28,0,,standard,1,,Phil Ehr,D,Carlos Gimenez,R,R,Carlos Gimenez,0,,0,-12.06,1,0,0,
HOU_GA_01_2026,house,GA,1,0,,standard,1,,Amanda Hollowell,D,Jim Kingston,R,R,,1,Carter,0,-7.66,0,0,1,
HOU_GA_02_2026,house,GA,2,0,,standard,1,,Sanford Bishop,D,Matt Day,R,D,Sanford Bishop,0,,0,4.17,0,0,1,
HOU_GA_03_2026,house,GA,3,0,,standard,1,,Maura Keller,D,Brian Jack,R,R,Brian Jack,0,,0,-15.01,0,0,1,
HOU_GA_04_2026,house,GA,4,0,,standard,1,,Hank Johnson,D,Jim Duffie,R,D,Hank Johnson,0,,0,27.18,0,0,1,
HOU_GA_05_2026,house,GA,5,0,,standard,1,,Nikema Williams,D,John Salvesen,R,D,Nikema Williams,0,,0,36.32,0,0,1,
HOU_GA_06_2026,house,GA,6,0,,standard,1,,Lucy McBath,D,Kevin Martin,R,D,Lucy McBath,0,,0,25.13,0,0,1,
HOU_GA_07_2026,house,GA,7,0,,standard,1,,Anthony Kozycki,D,Rich McCormick,R,R,Rich McCormick,0,,0,-10.84,0,0,1,
HOU_GA_08_2026,house,GA,8,0,,standard,1,,Kelly Esti,D,Austin Scott,R,R,Austin Scott,0,,0,-15.01,0,0,1,
HOU_GA_09_2026,house,GA,9,0,,standard,1,,Caitlyn Gegen,D,Andrew Clyde,R,R,Andrew Clyde,0,,0,-16.97,0,0,1,
HOU_GA_10_2026,house,GA,10,0,,standard,1,,Pamela DeLancy,D,Houston Gaines,R,R,,1,Collins,0,-10.54,0,0,1,
HOU_GA_11_2026,house,GA,11,0,,standard,1,,Chris Harden,D,John Cowan,R,R,,1,Loudermilk,0,-11.63,0,0,1,
HOU_GA_12_2026,house,GA,12,0,,standard,1,,Ceretta Smith,D,Rick Allen,R,R,Rick Allen,0,,0,-6.62,0,0,1,
HOU_GA_13_2026,house,GA,13,0,,standard,1,,Jasmine Clark,D,Jonathan Chavez,R,D,,1,Scott,0,21.14,0,0,1,
HOU_GA_14_2026,house,GA,14,0,,standard,1,,Shawn Harris,D,Clayton Fuller,R,R,Clay Fuller,0,,0,-18.64,0,0,1,
HOU_HI_01_2026,house,HI,1,0,,standard,1,,Ed Case,D,Adriel Lam,R,D,Ed Case,0,,0,13.17,0,0,0,
HOU_HI_02_2026,house,HI,2,0,,standard,1,,Jill Tokuda,D,Brenton Awa,R,D,Jill Tokuda,0,,0,12.04,0,0,0,
HOU_IA_01_2026,house,IA,1,0,,standard,1,,Christina Bohannan,D,Mariannette Miller-Meeks,R,R,Mariannette Miller-Meeks,0,,0,-3.59,0,0,0,
HOU_IA_02_2026,house,IA,2,0,,standard,1,,Lindsay James,D,Joe Mitchell,R,R,,1,Hinson,0,-4.36,0,0,0,
HOU_IA_03_2026,house,IA,3,0,,standard,1,,Sarah Trone Garriott,D,Zach Nunn,R,R,Zach Nunn,0,,0,-1.72,0,0,0,
HOU_IA_04_2026,house,IA,4,0,,standard,1,,David Dawson,D,Chris McGowan,R,R,,1,Feenstra,0,-15.28,0,0,0,
HOU_ID_01_2026,house,ID,1,0,,standard,1,,Kaylee Peterson,D,Russ Fulcher,R,R,Russ Fulcher,0,,0,-22.24,0,0,0,
HOU_ID_02_2026,house,ID,2,0,,standard,1,,Elinor Gilbreath,D,Mike Simpson,R,R,Mike Simpson,0,,0,-13.3,0,0,0,
HOU_IL_01_2026,house,IL,1,0,,standard,1,,Jonathan Jackson,D,Christian Maxwell,R,D,Jonathan Jackson,0,,0,17.54,0,0,0,
HOU_IL_02_2026,house,IL,2,0,,standard,1,,Donna Miller,D,Michael Noack,R,D,,1,Kelly,0,17.66,0,0,0,
HOU_IL_03_2026,house,IL,3,0,,standard,1,,Delia Ramirez,D,Angel Oakley,R,D,Delia Ramirez,0,,0,17.22,0,0,0,
HOU_IL_04_2026,house,IL,4,0,,standard,1,,Patty Garcia,D,Lupe Castillo,R,D,,1,García,0,16.69,0,0,0,
HOU_IL_05_2026,house,IL,5,0,,standard,1,,Mike Quigley,D,Tommy Hanson,R,D,Mike Quigley,0,,0,19.12,0,0,0,
HOU_IL_06_2026,house,IL,6,0,,standard,1,,Sean Casten,D,Niki Conforti,R,D,Sean Casten,0,,0,3.47,0,0,0,
HOU_IL_07_2026,house,IL,7,0,,standard,1,,La Shawn Ford,D,Chad Koppie,R,D,,1,Davis,0,34.05,0,0,0,
HOU_IL_08_2026,house,IL,8,0,,standard,1,,Melissa Bean,D,Jennifer Davis,R,D,,1,Krishnamoorthi,0,4.58,0,0,0,
HOU_IL_09_2026,house,IL,9,0,,standard,1,,Daniel Biss,D,John Elleson,R,D,,1,Schakowsky,0,19.15,0,0,0,
HOU_IL_10_2026,house,IL,10,0,,standard,1,,Brad Schneider,D,Carl Lambrecht,R,D,Brad Schneider,0,,0,11.67,0,0,0,
HOU_IL_11_2026,house,IL,11,0,,standard,1,,Bill Foster,D,Jeff Walter,R,D,Bill Foster,0,,0,6.3,0,0,0,
HOU_IL_12_2026,house,IL,12,0,,standard,1,,Julie Fortier,D,Mike Bost,R,R,Mike Bost,0,,0,-21.98,0,0,0,
HOU_IL_13_2026,house,IL,13,0,,standard,1,,Nikki Budzinski,D,Jeff Wilson,R,D,Nikki Budzinski,0,,0,5.42,0,0,0,
HOU_IL_14_2026,house,IL,14,0,,standard,1,,Lauren Underwood,D,James Marter,R,D,Lauren Underwood,0,,0,3.43,0,0,0,
HOU_IL_15_2026,house,IL,15,0,,standard,1,,Jennifer Todd,D,Mary Miller,R,R,Mary Miller,0,,0,-20.11,0,0,0,
HOU_IL_16_2026,house,IL,16,0,,standard,1,,Paul Nolley,D,Darin LaHood,R,R,Darin LaHood,0,,0,-11.4,0,0,0,
HOU_IL_17_2026,house,IL,17,0,,standard,1,,Eric Sorensen,D,Dillan Vancil,R,D,Eric Sorensen,0,,0,2.8,0,0,0,
HOU_IN_01_2026,house,IN,1,0,,standard,1,,Frank Mrvan,D,Barb Regnitz,R,D,Frank Mrvan,0,,0,1.21,0,0,0,
HOU_IN_02_2026,house,IN,2,0,,standard,1,,Jamee Decio,D,Rudy Yakym,R,R,Rudy Yakym,0,,0,-12.97,0,0,0,
HOU_IN_03_2026,house,IN,3,0,,standard,1,,Kelly Thompson,D,Marlin Stutzman,R,R,Marlin Stutzman,0,,0,-15.72,0,0,0,
HOU_IN_04_2026,house,IN,4,0,,standard,1,,Drew Cox,D,Jim Baird,R,R,Jim Baird,0,,0,-14.94,0,0,0,
HOU_IN_05_2026,house,IN,5,0,,standard,1,,J. D. Ford,D,Victoria Spartz,R,R,Victoria Spartz,0,,0,-8.46,0,0,0,
HOU_IN_06_2026,house,IN,6,0,,standard,1,,Cinde Wirth,D,Jefferson Shreve,R,R,Jefferson Shreve,0,,0,-16.49,0,0,0,
HOU_IN_07_2026,house,IN,7,0,,standard,1,,André Carson,D,Patrick McAuley,R,D,André Carson,0,,0,21.2,0,0,0,
HOU_IN_08_2026,house,IN,8,0,,standard,1,,Mary Allen,D,Mark Messmer,R,R,Mark Messmer,0,,0,-17.87,0,0,0,
HOU_IN_09_2026,house,IN,9,0,,standard,1,,Brad Meyer,D,Erin Houchin,R,R,Erin Houchin,0,,0,-14.88,0,0,0,
HOU_KS_01_2026,house,KS,1,0,,standard,1,,Lauren Reinhold,D,Tracey Mann,R,R,Tracey Mann,0,,0,-15.73,0,0,0,
HOU_KS_02_2026,house,KS,2,0,,standard,1,,Don Coover,D,Derek Schmidt,R,R,Derek Schmidt,0,,0,-9.61,0,0,0,
HOU_KS_03_2026,house,KS,3,0,,standard,1,,Sharice Davids,D,Eric Jenkins,R,D,Sharice Davids,0,,0,2.13,0,0,0,
HOU_KS_04_2026,house,KS,4,0,,standard,1,,Katy Tyndell,D,Ron Estes,R,R,Ron Estes,0,,0,-11.67,0,0,0,
HOU_KY_01_2026,house,KY,1,0,,standard,1,,Drew Williams,D,James Comer,R,R,James Comer,0,,0,-23.39,0,0,0,
HOU_KY_02_2026,house,KY,2,0,,standard,1,,Megan Wingfield,D,Brett Guthrie,R,R,Brett Guthrie,0,,0,-20.4,0,0,0,
HOU_KY_03_2026,house,KY,3,0,,standard,1,,Morgan McGarvey,D,Maria Rodriguez,R,D,Morgan McGarvey,0,,0,10.07,0,0,0,
HOU_KY_04_2026,house,KY,4,0,,standard,1,,Melissa Strange,D,Ed Gallrein,R,R,,1,Thomas Massie,1,-17.7,0,0,0,Massie (R) lost primary to Ed Gallrein.
HOU_KY_05_2026,house,KY,5,0,,standard,1,,Ned Pillersdorf,D,Hal Rogers,R,R,Hal Rogers,0,,0,-31.77,0,0,0,
HOU_KY_06_2026,house,KY,6,0,,standard,1,,Zach Dembo,D,Ralph Alvarado,R,R,,1,Barr,0,-7.15,0,0,0,
HOU_LA_01_2026,house,LA,1,0,,la_jungle,1,,Lauren Jewett,D,Steve Scalise; Randall Arrington,R,R,Steve Scalise,0,,0,-18.72,1,0,1,"Louisiana open (jungle) primary Nov 3, runoff Dec 12 if no one tops 50%. D-side = all Democrats combined, R-side = all Republicans combined, first round."
HOU_LA_02_2026,house,LA,2,0,,la_jungle,1,,Troy Carter,D,Peter Williams,R,D,Troy Carter,0,,0,24.92,1,0,1,"Louisiana open (jungle) primary Nov 3, runoff Dec 12 if no one tops 50%. D-side = all Democrats combined, R-side = all Republicans combined, first round. Other: Lisa Ballay (Libertarian), Renada Collins (no party), Walter Beach (no party)."
HOU_LA_03_2026,house,LA,3,0,,la_jungle,1,,John Day; Priscilla Gonzalez; Caleb Walker,D,Clay Higgins; Kate Cotten,R,R,Clay Higgins,0,,0,-17.5,1,0,1,"Louisiana open (jungle) primary Nov 3, runoff Dec 12 if no one tops 50%. D-side = all Democrats combined, R-side = all Republicans combined, first round. Other: Tia LeBrun (Independent)."
HOU_LA_04_2026,house,LA,4,0,,la_jungle,1,,Conrad Cable; Matt Gromlich,D,Mike Johnson; Gordon Heslop; Mike Nichols,R,R,Mike Johnson,0,,0,-16.58,1,0,1,"Louisiana open (jungle) primary Nov 3, runoff Dec 12 if no one tops 50%. D-side = all Democrats combined, R-side = all Republicans combined, first round."
HOU_LA_05_2026,house,LA,5,0,,la_jungle,1,,Dan McKay; Patricia Moore; Antonio Wilson,D,Stewart Cathey; Misti Cordell; Michael Echols; Gabe Firment; Austin Magee; Omar Dantzler,R,R,,1,Letlow,0,-16.48,1,0,1,"Louisiana open (jungle) primary Nov 3, runoff Dec 12 if no one tops 50%. D-side = all Democrats combined, R-side = all Republicans combined, first round."
HOU_LA_06_2026,house,LA,6,0,,la_jungle,1,,Chauna Banks; Patrick Forbes; Lindsay Garcia,D,Monique Appeaning; Larry Davis; Rick Edmonds; Michael Mebruer; Blake Miguez; Stephen Wagley,R,D,,1,Fields,0,-14.56,1,0,1,"Louisiana open (jungle) primary Nov 3, runoff Dec 12 if no one tops 50%. D-side = all Democrats combined, R-side = all Republicans combined, first round. Fields (D) not running after redraw. Other: Rufus Craig (Libertarian)."
HOU_MA_01_2026,house,MA,1,0,,no_R_side,0,1.0,Richard Neal,D,,,D,Richard Neal,0,,0,7.98,0,0,0,No Republican on the ballot.
HOU_MA_02_2026,house,MA,2,0,,no_R_side,0,1.0,Jim McGovern,D,,,D,Jim McGovern,0,,0,13.04,0,0,0,No Republican on the ballot.
HOU_MA_03_2026,house,MA,3,0,,standard,1,,Lori Trahan,D,Gary Grossi,R,D,Lori Trahan,0,,0,10.77,0,0,0,
HOU_MA_04_2026,house,MA,4,0,,standard,1,,Jake Auchincloss,D,Tom Stalcup,R,D,Jake Auchincloss,0,,0,11.17,0,0,0,
HOU_MA_05_2026,house,MA,5,0,,no_R_side,0,1.0,Katherine Clark,D,,,D,Katherine Clark,0,,0,23.87,0,0,0,Clark (D) vs Derek Fleming (Independent). No R-side.
HOU_MA_06_2026,house,MA,6,0,,standard,1,,Dan Koh,D,Micah Jones,R,D,,1,Moulton,0,11.42,0,0,0,Open: Moulton ran for Senate (lost primary to Markey).
HOU_MA_07_2026,house,MA,7,0,,no_R_side,0,1.0,Ayanna Pressley,D,,,D,Ayanna Pressley,0,,0,33.6,0,0,0,No Republican on the ballot.
HOU_MA_08_2026,house,MA,8,0,,standard,1,,Stephen Lynch,D,Robert Burke,R,D,Stephen Lynch,0,,0,14.62,0,0,0,
HOU_MA_09_2026,house,MA,9,0,,standard,1,,Bill Keating,D,Tyler Macallister,R,D,Bill Keating,0,,0,6.41,0,0,0,
HOU_MD_01_2026,house,MD,1,0,,standard,1,,Dan Schwartz,D,Andrew P. Harris,R,R,Andy Harris,0,,0,-8.35,0,0,0,
HOU_MD_02_2026,house,MD,2,0,,standard,1,,Johnny Olszewski,D,Dave Wallace,R,D,Johnny Olszewski,0,,0,9.75,0,0,0,
HOU_MD_03_2026,house,MD,3,0,,standard,1,,Sarah Elfreth,D,Berney Flowers,R,D,Sarah Elfreth,0,,0,12.44,0,0,0,
HOU_MD_04_2026,house,MD,4,0,,standard,1,,Glenn Ivey,D,George McDermott,R,D,Glenn Ivey,0,,0,38.67,0,0,0,
HOU_MD_05_2026,house,MD,5,0,,standard,1,,Adrian Boafo,D,Chris Chaffee,R,D,,1,Hoyer,0,17.4,0,0,0,
HOU_MD_06_2026,house,MD,6,0,,standard,1,,April McClain-Delaney,D,Robin Ficker,R,D,April McClain Delaney,0,,0,3.47,0,0,0,
HOU_MD_07_2026,house,MD,7,0,,standard,1,,Kweisi Mfume,D,Scott Collier,R,D,Kweisi Mfume,0,,0,30.74,0,0,0,
HOU_MD_08_2026,house,MD,8,0,,standard,1,,Jamie Raskin,D,Cheryl Riley,R,D,Jamie Raskin,0,,0,29.72,0,0,0,
HOU_ME_01_2026,house,ME,1,0,,standard,1,,Chellie Pingree,D,Ronald Russell,R,D,Chellie Pingree,0,,0,11.21,0,1,0,
HOU_ME_02_2026,house,ME,2,0,,standard,1,,Matthew Dunlap,D,Paul LePage,R,D,,1,Golden,0,-4.25,0,1,0,
HOU_MI_01_2026,house,MI,1,0,,standard,1,,Callie Barr,D,Jack Bergman,R,R,Jack Bergman,0,,0,-10.59,0,0,0,
HOU_MI_02_2026,house,MI,2,0,,standard,1,,Benjamin Ambrose,D,John Moolenaar,R,R,John Moolenaar,0,,0,-15.05,0,0,0,
HOU_MI_03_2026,house,MI,3,0,,standard,1,,Hillary Scholten,D,Terri DeBoer,R,D,Hillary Scholten,0,,0,4.07,0,0,0,
HOU_MI_04_2026,house,MI,4,0,,standard,1,,Sean McCann,D,Bill Huizenga,R,R,Bill Huizenga,0,,0,-2.61,0,0,0,
HOU_MI_05_2026,house,MI,5,0,,standard,1,,Christian Vukasovich,D,Tim Walberg,R,R,Tim Walberg,0,,0,-13.36,0,0,0,
HOU_MI_06_2026,house,MI,6,0,,standard,1,,Debbie Dingell,D,Heather Smiley,R,D,Debbie Dingell,0,,0,12.34,0,0,0,
HOU_MI_07_2026,house,MI,7,0,,standard,1,,William Lawrence,D,Tom Barrett,R,R,Tom Barrett,0,,0,-0.43,0,0,0,
HOU_MI_08_2026,house,MI,8,0,,standard,1,,Kristen Rivet,D,Thomas Smith,R,D,Kristen McDonald Rivet,0,,0,-0.5,0,0,0,
HOU_MI_09_2026,house,MI,9,0,,standard,1,,Ray Pooley,D,Lisa McClain,R,R,Lisa McClain,0,,0,-16.03,0,0,0,
HOU_MI_10_2026,house,MI,10,0,,standard,1,,Christina Hines,D,Mike Bouchard,R,R,,1,James,0,-2.64,0,0,0,
HOU_MI_11_2026,house,MI,11,0,,standard,1,,Jeremy Moss,D,Ethan Baker,R,D,,1,Stevens,0,8.67,0,0,0,
HOU_MI_12_2026,house,MI,12,0,,standard,1,,Rashida Tlaib,D,James Hooper,R,D,Rashida Tlaib,0,,0,21.09,0,0,0,
HOU_MI_13_2026,house,MI,13,0,,standard,1,,Donavan McKinney,D,T.P. Nykoriak,R,D,,1,Shri Thanedar,1,22.01,0,0,0,Thanedar (D) lost primary to Donavan McKinney.
HOU_MN_01_2026,house,MN,1,0,,standard,1,,Jake Johnson,D,Brad Finstad,R,R,Brad Finstad,0,,0,-5.77,0,0,0,
HOU_MN_02_2026,house,MN,2,0,,standard,1,,Matt Little,D,Eric Pratt,R,D,,1,Craig,0,3.14,0,0,0,
HOU_MN_03_2026,house,MN,3,0,,standard,1,,Kelly Morrison,D,Tyler Bass,R,D,Kelly Morrison,0,,0,10.82,0,0,0,
HOU_MN_04_2026,house,MN,4,0,,standard,1,,Betty McCollum,D,Paul Wikstrom,R,D,Betty McCollum,0,,0,18.47,0,0,0,
HOU_MN_05_2026,house,MN,5,0,,standard,1,,Ilhan Omar,D,John Nagel,R,D,Ilhan Omar,0,,0,31.88,0,0,0,
HOU_MN_06_2026,house,MN,6,0,,standard,1,,Doug Chapin,D,Tom Emmer,R,R,Tom Emmer,0,,0,-9.78,0,0,0,
HOU_MN_07_2026,house,MN,7,0,,standard,1,,Erik Osberg,D,Mischelle Fischbach,R,R,Michelle Fischbach,0,,0,-18.15,0,0,0,
HOU_MN_08_2026,house,MN,8,0,,standard,1,,Trina Swanson,D,Pete Stauber,R,R,Pete Stauber,0,,0,-6.9,0,0,0,
HOU_MO_01_2026,house,MO,1,0,,standard,1,,Wesley Bell,D,Paul Berry,R,D,Wesley Bell,0,,0,29.23,0,0,0,
HOU_MO_02_2026,house,MO,2,0,,standard,1,,Fred Wellman,D,Ann Wagner,R,R,Ann Wagner,0,,0,-4.0,0,0,0,
HOU_MO_03_2026,house,MO,3,0,,standard,1,,Bethany Mann,D,Bob Onder,R,R,Bob Onder,0,,0,-13.52,0,0,0,
HOU_MO_04_2026,house,MO,4,0,,standard,1,,Jordan Herrera,D,Mark Alford,R,R,Mark Alford,0,,0,-21.08,0,0,0,
HOU_MO_05_2026,house,MO,5,0,,standard,1,,Emanuel Cleaver,D,Rick Brattin,R,D,Emanuel Cleaver,0,,0,12.17,0,0,0,
HOU_MO_06_2026,house,MO,6,0,,standard,1,,John Smead,D,Chris Stigall,R,R,,1,Graves,0,-19.47,0,0,0,
HOU_MO_07_2026,house,MO,7,0,,standard,1,,Missi Hesketh,D,Eric Burlison,R,R,Eric Burlison,0,,0,-21.45,0,0,0,
HOU_MO_08_2026,house,MO,8,0,,standard,1,,Chris Reichard,D,Jason Smith,R,R,Jason Smith,0,,0,-26.99,0,0,0,
HOU_MS_01_2026,house,MS,1,0,,standard,1,,Cliff Johnson,D,Trent Kelly,R,R,Trent Kelly,0,,0,-18.1,0,0,0,
HOU_MS_02_2026,house,MS,2,0,,standard,1,,Bennie Thompson,D,Ron Eller,R,D,Bennie Thompson,0,,0,11.01,0,0,0,
HOU_MS_03_2026,house,MS,3,0,,standard,1,,Michael Chiaradio,D,Michael Guest,R,R,Michael Guest,0,,0,-14.13,0,0,0,
HOU_MS_04_2026,house,MS,4,0,,standard,1,,Jeffrey Hulum,D,Mike Ezell,R,R,Mike Ezell,0,,0,-20.95,0,0,0,
HOU_MT_01_2026,house,MT,1,0,,standard,1,,Sam Forstag,D,Aaron Flint,R,R,,1,Zinke,0,-5.36,0,0,0,
HOU_MT_02_2026,house,MT,2,0,,standard,1,,Brian Miller,D,Troy Downing,R,R,Troy Downing,0,,0,-14.89,0,0,0,
HOU_NC_01_2026,house,NC,1,0,,standard,1,,Don Davis,D,Laurie Buckhout,R,D,Don Davis,0,,0,-5.07,1,0,0,
HOU_NC_02_2026,house,NC,2,0,,standard,1,,Deborah Ross,D,Gene Douglass,R,D,Deborah Ross,0,,0,17.97,1,0,0,
HOU_NC_03_2026,house,NC,3,0,,standard,1,,Raymond Smith,D,Greg Murphy,R,R,Greg Murphy,0,,0,-6.13,1,0,0,
HOU_NC_04_2026,house,NC,4,0,,standard,1,,Valerie Foushee,D,Max Ganorkar,R,D,Valerie Foushee,0,,0,23.78,1,0,0,
HOU_NC_05_2026,house,NC,5,0,,standard,1,,Chuck Hubbard,D,Virginia Foxx,R,R,Virginia Foxx,0,,0,-8.23,1,0,0,
HOU_NC_06_2026,house,NC,6,0,,standard,1,,Cyril Jefferson,D,Addison McDowell,R,R,Addison McDowell,0,,0,-7.94,1,0,0,
HOU_NC_07_2026,house,NC,7,0,,standard,1,,Kim Hardy,D,David Rouzer,R,R,David Rouzer,0,,0,-6.22,1,0,0,
HOU_NC_08_2026,house,NC,8,0,,standard,1,,Colby Watson,D,Mark Harris,R,R,Mark Harris,0,,0,-9.04,1,0,0,
HOU_NC_09_2026,house,NC,9,0,,standard,1,,Richard Ojeda,D,Richard Hudson,R,R,Richard Hudson,0,,0,-7.26,1,0,0,
HOU_NC_10_2026,house,NC,10,0,,standard,1,,Ashley Bell,D,Pat Harrigan,R,R,Pat Harrigan,0,,0,-8.2,1,0,0,
HOU_NC_11_2026,house,NC,11,0,,standard,1,,Jamie Ager,D,Jennifer Balkcom,R,R,,1,Edwards,0,-4.06,1,0,0,Edwards (R) left the ballot after the primary; Republicans named Jennifer Balkcom (Aug 10). Open seat.
HOU_NC_12_2026,house,NC,12,0,,standard,1,,Alma Adams,D,Jack Codiga,R,D,Alma Adams,0,,0,24.28,1,0,0,
HOU_NC_13_2026,house,NC,13,0,,standard,1,,Paul Barringer,D,Brad Knott,R,R,Brad Knott,0,,0,-7.57,1,0,0,
HOU_NC_14_2026,house,NC,14,0,,standard,1,,LaKesha Womack,D,Tim Moore,R,R,Tim Moore,0,,0,-6.86,1,0,0,
HOU_ND_01_2026,house,ND,1,0,,standard,1,,Trygve Hammer,D,Julie Fedorchak,R,R,Julie Fedorchak,0,,0,-18.33,0,0,0,
HOU_NE_01_2026,house,NE,1,0,,standard,1,,Chris Backemeyer,D,Mike Flood,R,R,Mike Flood,0,,0,-6.38,0,0,0,
HOU_NE_02_2026,house,NE,2,0,,standard,1,,Denise Powell,D,Brinker Harding,R,R,,1,Bacon,0,2.56,0,0,0,
HOU_NE_03_2026,house,NE,3,0,,standard,1,,Becky Stille,D,Adrian Smith,R,R,Adrian Smith,0,,0,-27.03,0,0,0,
HOU_NH_01_2026,house,NH,1,0,,standard,1,,Stefany Shaheen,D,Anthony DiLorenzo,R,D,,1,Pappas,0,1.51,0,0,0,
HOU_NH_02_2026,house,NH,2,0,,standard,1,,Maggie Goodlander,D,Lily Williams,R,D,Maggie Goodlander,0,,0,2.48,0,0,0,
HOU_NJ_01_2026,house,NJ,1,0,,standard,1,,Donald Norcross,D,Damon Galdo,R,D,Donald Norcross,0,,0,10.22,0,0,0,
HOU_NJ_02_2026,house,NJ,2,0,,standard,1,,Zack Mullock,D,Jeff Van Drew,R,R,Jeff Van Drew,0,,0,-5.4,0,0,0,
HOU_NJ_03_2026,house,NJ,3,0,,standard,1,,Herb Conaway,D,Michael McGuire,R,D,Herb Conaway,0,,0,4.95,0,0,0,
HOU_NJ_04_2026,house,NJ,4,0,,standard,1,,Rachel Peace,D,Chris Smith,R,R,Chris Smith,0,,0,-14.3,0,0,0,
HOU_NJ_05_2026,house,NJ,5,0,,standard,1,,Josh Gottheimer,D,Sean Kirrane,R,D,Josh Gottheimer,0,,0,2.14,0,0,0,
HOU_NJ_06_2026,house,NJ,6,0,,standard,1,,Frank Pallone,D,Hillary Herzig,R,D,Frank Pallone,0,,0,4.9,0,0,0,
HOU_NJ_07_2026,house,NJ,7,0,,standard,1,,Rebecca Bennett,D,Thomas Kean,R,R,Thomas Kean,0,,0,0.04,0,0,0,
HOU_NJ_08_2026,house,NJ,8,0,,no_R_side,0,1.0,Rob Menendez,D,,,D,Rob Menendez,0,,0,15.03,0,0,0,No Republican on the ballot.
HOU_NJ_09_2026,house,NJ,9,0,,standard,1,,Nellie Pou,D,Rosie Pino,R,D,Nellie Pou,0,,0,1.94,0,0,0,
HOU_NJ_10_2026,house,NJ,10,0,,standard,1,,LaMonica McIver,D,Carmen Bucco,R,D,LaMonica McIver,0,,0,27.19,0,0,0,
HOU_NJ_11_2026,house,NJ,11,0,,standard,1,,Analilia Mejia,D,Joe Hathaway,R,D,Analilia Mejia,0,,0,5.48,0,0,0,
HOU_NJ_12_2026,house,NJ,12,0,,standard,1,,Adam Hamawy,D,Gregg Mele,R,D,,1,Watson Coleman,0,13.56,0,0,0,
HOU_NM_01_2026,house,NM,1,0,,standard,1,,Melanie Stansbury,D,Didi Okpareke,R,D,Melanie Stansbury,0,,0,6.72,0,0,0,
HOU_NM_02_2026,house,NM,2,0,,standard,1,,Gabe Vasquez,D,Greg Cunningham,R,D,Gabe Vasquez,0,,0,0.05,0,0,0,
HOU_NM_03_2026,house,NM,3,0,,standard,1,,Teresa Leger Fernandez,D,Martin Zamora,R,D,Teresa Leger Fernandez,0,,0,3.36,0,0,0,
HOU_NV_01_2026,house,NV,1,0,,standard,1,,Dina Titus,D,Carrie Buck,R,D,Dina Titus,0,,0,1.95,0,0,0,
HOU_NV_02_2026,house,NV,2,0,,standard,1,,Teresa Benitez-Thompson,D,David Flippo,R,R,,1,Amodei,0,-6.77,0,0,0,
HOU_NV_03_2026,house,NV,3,0,,standard,1,,Susie Lee,D,Martin O'Donnell,R,D,Susie Lee,0,,0,0.56,0,0,0,
HOU_NV_04_2026,house,NV,4,0,,standard,1,,Steven Horsford,D,Cody Whipple,R,D,Steven Horsford,0,,0,1.94,0,0,0,
HOU_NY_01_2026,house,NY,1,0,,standard,1,,Chris Gallant,D,Nick LaLota,R,R,Nick LaLota,0,,0,-4.05,0,0,0,
HOU_NY_02_2026,house,NY,2,0,,standard,1,,Patrick Halpin,D,Andrew Garbarino,R,R,Andrew Garbarino,0,,0,-5.59,0,0,0,
HOU_NY_03_2026,house,NY,3,0,,standard,1,,Tom Suozzi,D,Mike LiPetri,R,D,Tom Suozzi,0,,0,-0.21,0,0,0,
HOU_NY_04_2026,house,NY,4,0,,standard,1,,Laura Gillen,D,Jeanine Driscoll,R,D,Laura Gillen,0,,0,2.32,0,0,0,
HOU_NY_05_2026,house,NY,5,0,,standard,1,,Gregory Meeks,D,George Marsh,R,D,Gregory Meeks,0,,0,23.89,0,0,0,
HOU_NY_06_2026,house,NY,6,0,,standard,1,,Grace Meng,D,Joseph Chou,R,D,Grace Meng,0,,0,6.14,0,0,0,
HOU_NY_07_2026,house,NY,7,0,,standard,1,,Claire Valdez,D,Melvin Rivera,R,D,,1,Velázquez,0,25.33,0,0,0,
HOU_NY_08_2026,house,NY,8,0,,standard,1,,Hakeem Jeffries,D,Lewis Mizrahi,R,D,Hakeem Jeffries,0,,0,23.74,0,0,0,
HOU_NY_09_2026,house,NY,9,0,,standard,1,,Yvette Clarke,D,Joel Anabilah-Azumah,R,D,Yvette Clarke,0,,0,22.1,0,0,0,
HOU_NY_10_2026,house,NY,10,0,,standard,1,,Brad Lander,D,Jennifer Moore,R,D,,1,Goldman,0,32.14,0,0,0,
HOU_NY_11_2026,house,NY,11,0,,standard,1,,Michael DeCillis,D,Nicole Malliotakis,R,R,Nicole Malliotakis,0,,0,-10.28,0,0,0,
HOU_NY_12_2026,house,NY,12,0,,standard,1,,Micah Lasher,D,Caroline Shinkle,R,D,,1,Nadler,0,33.34,0,0,0,
HOU_NY_13_2026,house,NY,13,0,,standard,1,,Darializa Avila Chevalier,D,Jomo Williams,R,D,,1,Espaillat,0,32.31,0,0,0,
HOU_NY_14_2026,house,NY,14,0,,standard,1,,Alexandria Ocasio-Cortez,D,Diamant Hysenaj,R,D,Alexandria Ocasio-Cortez,0,,0,19.09,0,0,0,
HOU_NY_15_2026,house,NY,15,0,,standard,1,,Ritchie Torres,D,Stylo Sapaskis,R,D,Ritchie Torres,0,,0,27.17,0,0,0,
HOU_NY_16_2026,house,NY,16,0,,standard,1,,George Latimer,D,Joseph Cinquemani,R,D,George Latimer,0,,0,18.11,0,0,0,
HOU_NY_17_2026,house,NY,17,0,,standard,1,,Cait Conley,D,Michael Lawler,R,R,Mike Lawler,0,,0,1.48,0,0,0,
HOU_NY_18_2026,house,NY,18,0,,standard,1,,Pat Ryan,D,Jacqueline Auringer,R,D,Pat Ryan,0,,0,2.41,0,0,0,
HOU_NY_19_2026,house,NY,19,0,,standard,1,,Josh Riley,D,Peter Oberacker,R,D,Josh Riley,0,,0,1.24,0,0,0,
HOU_NY_20_2026,house,NY,20,0,,standard,1,,Paul Tonko,D,Ralph Ambrosio,R,D,Paul Tonko,0,,0,7.81,0,0,0,
HOU_NY_21_2026,house,NY,21,0,,standard,1,,Blake Gendebien,D,Anthony Constantino,R,R,,1,Stefanik,0,-9.79,0,0,0,
HOU_NY_22_2026,house,NY,22,0,,standard,1,,John Mannion,D,Kailee Buller,R,D,John Mannion,0,,0,4.33,0,0,0,
HOU_NY_23_2026,house,NY,23,0,,standard,1,,Aaron Gies,D,Nick Langworthy,R,R,Nick Langworthy,0,,0,-10.27,0,0,0,
HOU_NY_24_2026,house,NY,24,0,,standard,1,,Alissa Ellman,D,Claudia Tenney,R,R,Claudia Tenney,0,,0,-11.31,0,0,0,
HOU_NY_25_2026,house,NY,25,0,,standard,1,,Joseph Morelle,D,Virginia McIntyre,R,D,Joseph Morelle,0,,0,9.63,0,0,0,
HOU_NY_26_2026,house,NY,26,0,,standard,1,,Tim Kennedy,D,Dennis Hannon,R,D,Tim Kennedy,0,,0,10.53,0,0,0,
HOU_OH_01_2026,house,OH,1,0,,standard,1,,Greg Landsman,D,Eric Conroy,R,D,Greg Landsman,0,,0,-0.56,1,0,0,
HOU_OH_02_2026,house,OH,2,0,,standard,1,,Jennifer Mazzuckelli,D,David Taylor,R,R,David Taylor,0,,0,-20.49,1,0,0,
HOU_OH_03_2026,house,OH,3,0,,standard,1,,Joyce Beatty,D,Cleophus Dulaney,R,D,Joyce Beatty,0,,0,21.08,1,0,0,
HOU_OH_04_2026,house,OH,4,0,,standard,1,,Joshua Kolasinski,D,Jim Jordan,R,R,Jim Jordan,0,,0,-20.76,1,0,0,
HOU_OH_05_2026,house,OH,5,0,,standard,1,,Brian Shaver,D,Bob Latta,R,R,Bob Latta,0,,0,-11.24,1,0,0,
HOU_OH_06_2026,house,OH,6,0,,standard,1,,Elizabeth Kirtley,D,Michael Rulli,R,R,Michael Rulli,0,,0,-16.7,1,0,0,
HOU_OH_07_2026,house,OH,7,0,,standard,1,,Brian Poindexter,D,Max Miller,R,R,Max Miller,0,,0,-4.83,1,0,0,
HOU_OH_08_2026,house,OH,8,0,,standard,1,,Vanessa Enoch,D,Warren Davidson,R,R,Warren Davidson,0,,0,-7.14,1,0,0,
HOU_OH_09_2026,house,OH,9,0,,standard,1,,Marcy Kaptur,D,Derek Merrin,R,D,Marcy Kaptur,0,,0,-4.59,1,0,0,
HOU_OH_10_2026,house,OH,10,0,,standard,1,,Kristina Knickerbocker,D,Mike Turner,R,R,Mike Turner,0,,0,-3.18,1,0,0,
HOU_OH_11_2026,house,OH,11,0,,standard,1,,Shontel Brown,D,Mike Kirchner,R,D,Shontel Brown,0,,0,28.48,1,0,0,
HOU_OH_12_2026,house,OH,12,0,,standard,1,,Jerrad Christian,D,Troy Balderson,R,R,Troy Balderson,0,,0,-14.43,1,0,0,
HOU_OH_13_2026,house,OH,13,0,,standard,1,,Emilia Sykes,D,Carey Coleman,R,D,Emilia Sykes,0,,0,2.41,1,0,0,
HOU_OH_14_2026,house,OH,14,0,,standard,1,,Maria Jukic,D,David Joyce,R,R,David Joyce,0,,0,-9.52,1,0,0,
HOU_OH_15_2026,house,OH,15,0,,standard,1,,Don Leonard,D,Mike Carey,R,R,Mike Carey,0,,0,-4.31,1,0,0,
HOU_OK_01_2026,house,OK,1,0,,standard,1,,John Croisant,D,Mark Tedford,R,R,,1,Hern,0,-10.99,0,0,0,
HOU_OK_02_2026,house,OK,2,0,,standard,1,,Brandon Wade,D,Josh Brecheen,R,R,Josh Brecheen,0,,0,-27.99,0,0,0,
HOU_OK_03_2026,house,OK,3,0,,standard,1,,Suzie Byrd,D,Frank Lucas,R,R,Frank Lucas,0,,0,-23.12,0,0,0,
HOU_OK_04_2026,house,OK,4,0,,standard,1,,Mitchell Jacob,D,Tom Cole,R,R,Tom Cole,0,,0,-16.76,0,0,0,
HOU_OK_05_2026,house,OK,5,0,,standard,1,,Jena Nelson,D,Stephanie Bice,R,R,Stephanie Bice,0,,0,-8.97,0,0,0,
HOU_OR_01_2026,house,OR,1,0,,standard,1,,Suzanne Bonamici,D,Barbara Kahl,R,D,Suzanne Bonamici,0,,0,19.7,0,0,0,
HOU_OR_02_2026,house,OR,2,0,,standard,1,,Chris Beck,D,Cliff Bentz,R,R,Cliff Bentz,0,,0,-13.59,0,0,0,
HOU_OR_03_2026,house,OR,3,0,,standard,1,,Maxine Dexter,D,Loran Ayles,R,D,Maxine Dexter,0,,0,23.9,0,0,0,
HOU_OR_04_2026,house,OR,4,0,,standard,1,,Valerie Hoyle,D,Monique DeSpain,R,D,Val Hoyle,0,,0,6.3,0,0,0,
HOU_OR_05_2026,house,OR,5,0,,standard,1,,Janelle Bynum,D,Patti Adair,R,D,Janelle Bynum,0,,0,4.44,0,0,0,
HOU_OR_06_2026,house,OR,6,0,,standard,1,,Andrea Salinas,D,David Russ,R,D,Andrea Salinas,0,,0,6.09,0,0,0,
HOU_PA_01_2026,house,PA,1,0,,standard,1,,Bob Harvie,D,Brian Fitzpatrick,R,R,Brian Fitzpatrick,0,,0,0.7,0,0,0,
HOU_PA_02_2026,house,PA,2,0,,standard,1,,Brendan Boyle,D,Jessica Arriaga,R,D,Brendan Boyle,0,,0,18.94,0,0,0,
HOU_PA_03_2026,house,PA,3,0,,no_R_side,0,1.0,Chris Rabb,D,,,D,,1,Evans,0,39.51,0,0,0,R candidates withdrew; Rabb (D) vs Dennis Mahoney (Independent Party). No R-side.
HOU_PA_04_2026,house,PA,4,0,,standard,1,,Madeleine Dean,D,Aurora Stuski,R,D,Madeleine Dean,0,,0,8.38,0,0,0,
HOU_PA_05_2026,house,PA,5,0,,standard,1,,Mary Gay Scanlon,D,Nicholas Manganaro,R,D,Mary Gay Scanlon,0,,0,14.92,0,0,0,
HOU_PA_06_2026,house,PA,6,0,,standard,1,,Chrissy Houlahan,D,Marty Young,R,D,Chrissy Houlahan,0,,0,6.18,0,0,0,
HOU_PA_07_2026,house,PA,7,0,,standard,1,,Bob Brooks,D,Ryan Mackenzie,R,R,Ryan Mackenzie,0,,0,-1.14,0,0,0,
HOU_PA_08_2026,house,PA,8,0,,standard,1,,Paige Cognetti,D,Rob Bresnahan,R,R,Rob Bresnahan,0,,0,-3.58,0,0,0,
HOU_PA_09_2026,house,PA,9,0,,standard,1,,Rachel Wallace,D,Dan Meuser,R,R,Dan Meuser,0,,0,-19.0,0,0,0,
HOU_PA_10_2026,house,PA,10,0,,standard,1,,Janelle Stelson,D,Scott Perry,R,R,Scott Perry,0,,0,-2.51,0,0,0,
HOU_PA_11_2026,house,PA,11,0,,standard,1,,Nancy Mannion,D,Lloyd Smucker,R,R,Lloyd Smucker,0,,0,-10.79,0,0,0,
HOU_PA_12_2026,house,PA,12,0,,standard,1,,Summer Lee,D,James Hayes,R,D,Summer Lee,0,,0,9.78,0,0,0,
HOU_PA_13_2026,house,PA,13,0,,standard,1,,Beth Farnham,D,John Joyce,R,R,John Joyce,0,,0,-22.94,0,0,0,
HOU_PA_14_2026,house,PA,14,0,,standard,1,,Alan Bradstock,D,Guy Reschenthaler,R,R,Guy Reschenthaler,0,,0,-16.58,0,0,0,
HOU_PA_15_2026,house,PA,15,0,,standard,1,,Ray Bilger,D,Glenn Thompson,R,R,Glenn Thompson,0,,0,-19.05,0,0,0,
HOU_PA_16_2026,house,PA,16,0,,standard,1,,Justin Wagner,D,Mike Kelly,R,R,Mike Kelly,0,,0,-11.23,0,0,0,
HOU_PA_17_2026,house,PA,17,0,,standard,1,,Chris Deluzio,D,Tony Guy,R,D,Chris Deluzio,0,,0,2.82,0,0,0,
HOU_RI_01_2026,house,RI,1,0,,standard,1,,Gabe Amo,D,Kellie Keenan,R,D,Gabe Amo,0,,0,12.18,0,0,0,
HOU_RI_02_2026,house,RI,2,0,,standard,1,,Seth Magaziner,D,Vic Mellor,R,D,Seth Magaziner,0,,0,4.34,0,0,0,
HOU_SC_01_2026,house,SC,1,0,,standard,1,,Nancy Lacore,D,Jenny Honeycutt,R,R,,1,Mace,0,-6.06,0,0,0,
HOU_SC_02_2026,house,SC,2,0,,standard,1,,Zyon Khalifa,D,Joe Wilson,R,R,Joe Wilson,0,,0,-6.64,0,0,0,
HOU_SC_03_2026,house,SC,3,0,,standard,1,,Eunice Lehmacher,D,Sheri Biggs,R,R,Sheri Biggs,0,,0,-21.11,0,0,0,
HOU_SC_04_2026,house,SC,4,0,,standard,1,,Courtney McClain,D,William Timmons,R,R,William Timmons,0,,0,-11.35,0,0,0,
HOU_SC_05_2026,house,SC,5,0,,standard,1,,Mallory Dittmer,D,Wes Climer,R,R,,1,Norman,0,-10.97,0,0,0,
HOU_SC_06_2026,house,SC,6,0,,standard,1,,Jim Clyburn,D,John Peterson,R,D,Jim Clyburn,0,,0,12.71,0,0,0,
HOU_SC_07_2026,house,SC,7,0,,standard,1,,John Vincent,D,Russell Fry,R,R,Russell Fry,0,,0,-12.34,0,0,0,
HOU_SD_01_2026,house,SD,1,0,,standard,1,,Nikki Gronli,D,Marty Jackley,R,R,,1,Johnson,0,-14.57,0,0,0,
HOU_TN_01_2026,house,TN,1,0,,standard,1,,Kristi Burke,D,Diana Harshbarger,R,R,Diana Harshbarger,0,,0,-28.47,1,0,0,
HOU_TN_02_2026,house,TN,2,0,,standard,1,,Michaela Barnett,D,Tim Burchett,R,R,Tim Burchett,0,,0,-16.41,1,0,0,
HOU_TN_03_2026,house,TN,3,0,,standard,1,,Anna Golladay,D,Chuck Fleischmann,R,R,Chuck Fleischmann,0,,0,-17.35,1,0,0,
HOU_TN_04_2026,house,TN,4,0,,standard,1,,Victoria Broderick,D,Scott DesJarlais,R,R,Scott DesJarlais,0,,0,-11.39,1,0,0,
HOU_TN_05_2026,house,TN,5,0,,standard,1,,Chaz Molder,D,Charlie Hatcher,R,R,,1,Andy Ogles,1,-10.95,1,0,0,Ogles (R) lost primary to Charlie Hatcher.
HOU_TN_06_2026,house,TN,6,0,,standard,1,,Mike Croley,D,Johnny Garrett,R,R,,1,Rose,0,-12.69,1,0,0,
HOU_TN_07_2026,house,TN,7,0,,standard,1,,Darden Copeland,D,Matt Van Epps,R,R,Matt Van Epps,0,,0,-10.61,1,0,0,
HOU_TN_08_2026,house,TN,8,0,,standard,1,,Heidi Kuhn,D,David Kustoff,R,R,David Kustoff,0,,0,-9.47,1,0,0,
HOU_TN_09_2026,house,TN,9,0,,standard,1,,Justin Pearson,D,Brent Taylor,R,D,,1,Cohen,0,-9.96,1,0,0,
HOU_TX_01_2026,house,TX,1,0,,standard,1,,Yolanda Prince,D,Nathaniel Moran,R,R,Nathaniel Moran,0,,0,-24.2,1,0,0,
HOU_TX_02_2026,house,TX,2,0,,standard,1,,Shaun Finnie,D,Steve Toth,R,R,,1,Crenshaw,0,-10.82,1,0,0,
HOU_TX_03_2026,house,TX,3,0,,standard,1,,Evan Hunt,D,Keith Self,R,R,Keith Self,0,,0,-11.24,1,0,0,
HOU_TX_04_2026,house,TX,4,0,,standard,1,,Jason Pearce,D,Pat Fallon,R,R,Pat Fallon,0,,0,-11.83,1,0,0,
HOU_TX_05_2026,house,TX,5,0,,standard,1,,Chelsey Hockett,D,Lance Gooden,R,R,Lance Gooden,0,,0,-10.17,1,0,0,
HOU_TX_06_2026,house,TX,6,0,,standard,1,,Danny Minton,D,Jake Ellzey,R,R,Jake Ellzey,0,,0,-10.89,1,0,0,
HOU_TX_07_2026,house,TX,7,0,,standard,1,,Lizzie Fletcher,D,Alexander Hale,R,D,Lizzie Fletcher,0,,0,12.8,1,0,0,
HOU_TX_08_2026,house,TX,8,0,,standard,1,,Laura Jones,D,Jessica Steinmann,R,R,,1,Luttrell,0,-13.25,1,0,0,
HOU_TX_09_2026,house,TX,9,0,,standard,1,,Leticia Gutierrez,D,Alex Mealer,R,D,,1,Green,0,-9.23,1,0,0,
HOU_TX_10_2026,house,TX,10,0,,standard,1,,Caitlin Rourk,D,Chris Gober,R,R,,1,McCaul,0,-10.72,1,0,0,
HOU_TX_11_2026,house,TX,11,0,,standard,1,,Claire Reynolds,D,August Pfluger,R,R,August Pfluger,0,,0,-16.64,1,0,0,
HOU_TX_12_2026,house,TX,12,0,,standard,1,,Angela Prilliman,D,Craig Goldman,R,R,Craig Goldman,0,,0,-11.33,1,0,0,
HOU_TX_13_2026,house,TX,13,0,,standard,1,,Mark Nair,D,Ronny Jackson,R,R,Ronny Jackson,0,,0,-22.58,1,0,0,
HOU_TX_14_2026,house,TX,14,0,,standard,1,,Thurman Bartie,D,Randy Weber,R,R,Randy Weber,0,,0,-11.54,1,0,0,
HOU_TX_15_2026,house,TX,15,0,,standard,1,,Bobby Pulido,D,Monica de la Cruz,R,R,Monica De La Cruz,0,,0,-8.26,1,0,0,
HOU_TX_16_2026,house,TX,16,0,,standard,1,,Veronica Escobar,D,Adam Bauman,R,D,Veronica Escobar,0,,0,9.07,1,0,0,
HOU_TX_17_2026,house,TX,17,0,,standard,1,,Casey Shepard,D,Pete Sessions,R,R,Pete Sessions,0,,0,-10.23,1,0,0,
HOU_TX_18_2026,house,TX,18,0,,standard,1,,Christian Menefee,D,Ronald Whitfield,R,D,Christian Menefee,0,,0,28.61,1,0,0,
HOU_TX_19_2026,house,TX,19,0,,standard,1,,Kyle Rable,D,Tom Sell,R,R,,1,Arrington,0,-25.33,1,0,0,
HOU_TX_20_2026,house,TX,20,0,,standard,1,,Joaquin Castro,D,Edgardo Baez,R,D,Joaquin Castro,0,,0,15.19,1,0,0,
HOU_TX_21_2026,house,TX,21,0,,standard,1,,Kristin Hook,D,Mark Teixeira,R,R,,1,Roy,0,-10.29,1,0,0,
HOU_TX_22_2026,house,TX,22,0,,standard,1,,Marguette Greene-Scott,D,Trever Nehls,R,R,,1,Nehls,0,-10.61,1,0,0,
HOU_TX_23_2026,house,TX,23,0,,standard,1,,Katy Padilla Stout,D,Brandon Herrera,R,R,,1,Gonzales,0,-6.74,1,0,0,
HOU_TX_24_2026,house,TX,24,0,,standard,1,,Kevin Burge,D,Beth Van Duyne,R,R,Beth Van Duyne,0,,0,-7.44,1,0,0,
HOU_TX_25_2026,house,TX,25,0,,standard,1,,Dione Sims,D,Roger Williams,R,R,Roger Williams,0,,0,-11.42,1,0,0,
HOU_TX_26_2026,house,TX,26,0,,standard,1,,Steven Shook,D,Brandon Gill,R,R,Brandon Gill,0,,0,-11.32,1,0,0,
HOU_TX_27_2026,house,TX,27,0,,standard,1,,Tanya Lloyd,D,Michael Cloud,R,R,Michael Cloud,0,,0,-9.98,1,0,0,
HOU_TX_28_2026,house,TX,28,0,,standard,1,,Henry Cuellar,D,Tano Tijerina,R,D,Henry Cuellar,0,,0,-4.48,1,0,0,
HOU_TX_29_2026,house,TX,29,0,,standard,1,,Sylvia Garcia,D,Martha Fierro,R,D,Sylvia Garcia,0,,0,16.17,1,0,0,
HOU_TX_30_2026,house,TX,30,0,,standard,1,,Frederick Haynes,D,Everett Jackson,R,D,,1,Crockett,0,24.65,1,0,0,
HOU_TX_31_2026,house,TX,31,0,,standard,1,,Justin Early,D,John Carter,R,R,John Carter,0,,0,-10.32,1,0,0,
HOU_TX_32_2026,house,TX,32,0,,standard,1,,Dan Barrios,D,Jace Yarbrough,R,D,,1,Johnson,0,-8.31,1,0,0,
HOU_TX_33_2026,house,TX,33,0,,standard,1,,Colin Allred,D,Patrick Gillespie,R,D,,1,Veasey,0,17.42,1,0,0,
HOU_TX_34_2026,house,TX,34,0,,standard,1,,Vicente Gonzalez,D,Eric Flores,R,D,Vicente Gonzalez,0,,0,-4.36,1,0,0,
HOU_TX_35_2026,house,TX,35,0,,standard,1,,Johnny Garcia,D,Carlos De La Cruz,R,D,,1,Casar,0,-4.53,1,0,0,
HOU_TX_36_2026,house,TX,36,0,,standard,1,,Rhonda Hart,D,Brian Babin,R,R,Brian Babin,0,,0,-11.91,1,0,0,
HOU_TX_37_2026,house,TX,37,0,,standard,1,,Greg Casar,D,Lauren Pena,R,D,Greg Casar,0,,0,29.6,1,0,0,
HOU_TX_38_2026,house,TX,38,0,,standard,1,,Melissa McDonough,D,John Bonck,R,R,,1,Hunt,0,-9.9,1,0,0,
HOU_UT_01_2026,house,UT,1,0,,standard,1,,Ben McAdams,D,Riley Owen,R,R,,1,Owens,0,12.91,1,0,0,
HOU_UT_02_2026,house,UT,2,0,,standard,1,,Peter Crosby,D,Blake Moore,R,R,Blake Moore,0,,0,-14.21,1,0,0,
HOU_UT_03_2026,house,UT,3,0,,standard,1,,Kent Udell,D,Celeste Maloy,R,R,Celeste Maloy,0,,0,-20.46,1,0,0,
HOU_UT_04_2026,house,UT,4,0,,standard,1,,Jonny Larsen,D,Mike Kennedy,R,R,Mike Kennedy,0,,0,-15.97,1,0,0,
HOU_VA_01_2026,house,VA,1,0,,standard,1,,Shannon Taylor,D,Rob Wittman,R,R,Rob Wittman,0,,0,-2.66,0,0,0,
HOU_VA_02_2026,house,VA,2,0,,standard,1,,Elaine Luria,D,Jennifer Kiggans,R,R,Jen Kiggans,0,,0,0.14,0,0,0,
HOU_VA_03_2026,house,VA,3,0,,standard,1,,Bobby Scott,D,Edwin Rivera,R,D,Bobby Scott,0,,0,18.06,0,0,0,
HOU_VA_04_2026,house,VA,4,0,,standard,1,,Jennifer McClellan,D,Robert Murray,R,D,Jennifer McClellan,0,,0,16.95,0,0,0,
HOU_VA_05_2026,house,VA,5,0,,standard,1,,Tom Perriello,D,John McGuire,R,R,John McGuire,0,,0,-5.71,0,0,0,
HOU_VA_06_2026,house,VA,6,0,,standard,1,,Beth Macy,D,Ben Cline,R,R,Ben Cline,0,,0,-11.8,0,0,0,
HOU_VA_07_2026,house,VA,7,0,,standard,1,,Eugene Vindman,D,Doug Ollivant,R,D,Eugene Vindman,0,,0,1.95,0,0,0,
HOU_VA_08_2026,house,VA,8,0,,standard,1,,Don Beyer,D,Tony Sabio,R,D,Don Beyer,0,,0,26.18,0,0,0,
HOU_VA_09_2026,house,VA,9,0,,standard,1,,Joy Powers,D,Morgan Griffith,R,R,Morgan Griffith,0,,0,-21.96,0,0,0,
HOU_VA_10_2026,house,VA,10,0,,standard,1,,Suhas Subramanyam,D,Dave Beckwith,R,D,Suhas Subramanyam,0,,0,5.5,0,0,0,
HOU_VA_11_2026,house,VA,11,0,,standard,1,,James Walkinshaw,D,Arthur Purves,R,D,James Walkinshaw,0,,0,18.46,0,0,0,
HOU_VT_01_2026,house,VT,1,0,,standard,1,,Becca Balint,D,Gerald Malloy,R,D,Becca Balint,0,,0,16.86,0,0,0,
HOU_WA_01_2026,house,WA,1,0,,standard,1,,Suzan DelBene,D,Mary Silva,R,D,Suzan DelBene,0,,0,15.07,0,0,0,
HOU_WA_02_2026,house,WA,2,0,,standard,1,,Rick Larsen,D,Edwin Feller,R,D,Rick Larsen,0,,0,12.11,0,0,0,
HOU_WA_03_2026,house,WA,3,0,,standard,1,,Marie Perez,D,John Braun,R,D,Marie Gluesenkamp Perez,0,,0,-1.82,0,0,0,
HOU_WA_04_2026,house,WA,4,0,,standard,1,,John Duresky,D,Amanda McKinney,R,R,,1,Newhouse,0,-10.14,0,0,0,
HOU_WA_05_2026,house,WA,5,0,,standard,1,,Carmela Conroy,D,Michael Baumgartner,R,R,Michael Baumgartner,0,,0,-5.45,0,0,0,
HOU_WA_06_2026,house,WA,6,0,,standard,1,,Emily Randall,D,Teresa Fox,R,D,Emily Randall,0,,0,9.67,0,0,0,
HOU_WA_07_2026,house,WA,7,0,,standard,1,,Pramila Jayapal,D,Nirav Sheth,R,D,Pramila Jayapal,0,,0,38.71,0,0,0,
HOU_WA_08_2026,house,WA,8,0,,standard,1,,Kim Schrier,D,Spencer Meline,R,D,Kim Schrier,0,,0,3.1,0,0,0,
HOU_WA_09_2026,house,WA,9,0,,standard,1,,Adam Smith,D,Doug Basler,R,D,Adam Smith,0,,0,21.78,0,0,0,
HOU_WA_10_2026,house,WA,10,0,,standard,1,,Marilyn Strickland,D,Chris Chung,R,D,Marilyn Strickland,0,,0,9.26,0,0,0,
HOU_WI_01_2026,house,WI,1,0,,standard,1,,Mitchell Berman,D,Bryan Steil,R,R,Bryan Steil,0,,0,-1.97,0,0,0,
HOU_WI_02_2026,house,WI,2,0,,no_R_side,0,1.0,Mark Pocan,D,,,D,Mark Pocan,0,,0,20.57,0,0,0,No Republican on the ballot.
HOU_WI_03_2026,house,WI,3,0,,standard,1,,Rebecca Cooke,D,Derrick Van Orden,R,R,Derrick Van Orden,0,,0,-3.42,0,0,0,
HOU_WI_04_2026,house,WI,4,0,,standard,1,,Gwenn Moore,D,Tim Rogers,R,D,Gwen Moore,0,,0,26.39,0,0,0,
HOU_WI_05_2026,house,WI,5,0,,standard,1,,Andrew Beck,D,Scott Fitzgerald,R,R,Scott Fitzgerald,0,,0,-11.33,0,0,0,
HOU_WI_06_2026,house,WI,6,0,,standard,1,,Brad Smith,D,Glenn Grothman,R,R,Glenn Grothman,0,,0,-8.26,0,0,0,
HOU_WI_07_2026,house,WI,7,0,,standard,1,,Fred Clark,D,Michael Alfonso,R,R,,1,Tiffany,0,-11.1,0,0,0,
HOU_WI_08_2026,house,WI,8,0,,standard,1,,Rick Crosson,D,Tony Wied,R,R,Tony Wied,0,,0,-8.15,0,0,0,
HOU_WV_01_2026,house,WV,1,0,,standard,1,,Vince George,D,Carol Miller,R,R,Carol Miller,0,,0,-22.15,0,0,0,
HOU_WV_02_2026,house,WV,2,0,,standard,1,,Ace Parsi,D,Riley Moore,R,R,Riley Moore,0,,0,-19.86,0,0,0,
HOU_WY_01_2026,house,WY,1,0,,standard,1,,Lisa Kinney,D,Chuck Gray,R,R,,1,Hageman,0,-23.23,0,0,0,Open: Hageman running for Senate.
SEN_AK_2026,senate,AK,,0,2,standard,1,,Mary Peltola,D,Dan Sullivan,R,R,Dan Sullivan,0,,0,-6.45,0,1,0,
SEN_AL_2026,senate,AL,,0,2,standard,1,,Everett Wess,D,Barry Moore,R,R,,1,Tommy Tuberville,0,-14.81,0,0,0,
SEN_AR_2026,senate,AR,,0,2,standard,1,,Hallie Shoffner,D,Tom Cotton,R,R,Tom Cotton,0,,0,-15.31,0,0,0,
SEN_CO_2026,senate,CO,,0,2,standard,1,,John Hickenlooper,D,Mark Baisley,R,D,John Hickenlooper,0,,0,5.97,0,0,0,
SEN_DE_2026,senate,DE,,0,2,standard,1,,Chris Coons,D,Michael Katz,R,D,Chris Coons,0,,0,8.01,0,0,0,
SEN_FL_2026,senate,FL,,1,3,standard,1,,Angela Nixon,D,Ashley Moody,R,R,Ashley Moody,0,,0,-5.39,0,0,0,
SEN_GA_2026,senate,GA,,0,2,standard,1,,Jon Ossoff,D,Mike Collins,R,D,Jon Ossoff,0,,0,-0.8,0,0,1,
SEN_IA_2026,senate,IA,,0,2,standard,1,,Josh Turek,D,Ashley Hinson,R,R,,1,Joni Ernst,0,-6.09,0,0,0,
SEN_ID_2026,senate,ID,,0,2,independent_D_side,1,,Todd Achilles,I,Jim Risch,R,R,Jim Risch,0,,0,-18.04,0,0,0,
SEN_IL_2026,senate,IL,,0,2,standard,1,,Juliana Stratton,D,Don Tracy,R,D,,1,Richard J. Durbin,0,6.34,0,0,0,
SEN_KS_2026,senate,KS,,0,2,standard,1,,Adam Hamilton,D,Roger Marshall,R,R,Roger Marshall,0,,0,-8.03,0,0,0,
SEN_KY_2026,senate,KY,,0,2,standard,1,,Charles Booker,D,Andy Barr,R,R,,1,Mitch McConnell,0,-14.94,0,0,0,
SEN_LA_2026,senate,LA,,0,2,standard,1,,Jamie Davis,D,Julia Letlow,R,R,,1,Bill Cassidy,1,-10.75,0,0,0,Closed party primary (new in 2026): Letlow beat Cassidy May 16 and won the June 27 runoff vs Fleming.
SEN_MA_2026,senate,MA,,0,2,standard,1,,Ed Markey,D,John Deaton,R,D,Ed Markey,0,,0,13.99,0,0,0,
SEN_ME_2026,senate,ME,,0,2,standard,1,,Troy Jackson,D,Susan Collins,R,R,Susan Collins,0,,0,3.82,0,1,0,
SEN_MI_2026,senate,MI,,0,2,standard,1,,Abdul El-Sayed,D,Mike Rogers,R,D,,1,Gary Peters,0,-0.19,0,0,0,
SEN_MN_2026,senate,MN,,0,2,standard,1,,Peggy Flanagan,D,Michele Tafoya,R,D,,1,Tina Smith,0,2.53,0,0,0,
SEN_MS_2026,senate,MS,,0,2,standard,1,,Scott Colom,D,Cindy Hyde-Smith,R,R,Cindy Hyde-Smith,0,,0,-10.78,0,0,0,
SEN_MT_2026,senate,MT,,0,2,standard,1,,Alani Bankhead,D,Kurt Alme,R,R,,1,Steve Daines,0,-9.82,0,0,0,
SEN_NC_2026,senate,NC,,0,2,standard,1,,Roy Cooper,D,Michael Whatley,R,R,,1,Thom Tillis,0,-1.4,0,0,0,
SEN_NE_2026,senate,NE,,0,2,independent_D_side,1,,Dan Osborn,I,Pete Ricketts,R,R,Pete Ricketts,0,,0,-10.27,0,0,0,
SEN_NH_2026,senate,NH,,0,2,standard,1,,Chris Pappas,D,John E. Sununu,R,D,,1,Jeanne Shaheen,0,1.99,0,0,0,
SEN_NJ_2026,senate,NJ,,0,2,standard,1,,Cory Booker,D,Justin Murphy,R,D,Cory Booker,0,,0,4.27,0,0,0,
SEN_NM_2026,senate,NM,,0,2,standard,1,,Ben Ray Luján,D,Larry Marker,R,D,Ben Ray Luján,0,,0,3.68,0,0,0,
SEN_OH_2026,senate,OH,,1,3,standard,1,,Sherrod Brown,D,Jon Husted,R,R,Jon Husted,0,,0,-5.27,0,0,0,
SEN_OK_2026,senate,OK,,0,2,standard,1,,N'Kiyla Thomas,D,Kevin Hern,R,R,,1,Alan Armstrong (appointed Mar 2026 to Mullin's seat; not running),0,-17.34,0,0,0,
SEN_OR_2026,senate,OR,,0,2,standard,1,,Jeff Merkley,D,David Brock Smith,R,D,Jeff Merkley,0,,0,7.65,0,0,0,
SEN_RI_2026,senate,RI,,0,2,standard,1,,Jack Reed,D,Raymond McKay,R,D,Jack Reed,0,,0,7.96,0,0,0,
SEN_SC_2026,senate,SC,,0,2,standard,1,,Annie Andrews,D,Darline Graham Nordone,R,R,,1,Graham,0,-8.28,0,0,0,Lindsey Graham (R) is not on the ballot; Darline Graham Nordone won the Republican runoff (Aug 25). Open seat.
SEN_SD_2026,senate,SD,,0,2,independent_D_side,1,,Brian Bengs,I,Mike Rounds,R,R,Mike Rounds,0,,0,-14.57,0,0,0,
SEN_TN_2026,senate,TN,,0,2,standard,1,,Marquita Bradshaw,D,Bill Hagerty,R,R,Bill Hagerty,0,,0,-14.26,0,0,0,
SEN_TX_2026,senate,TX,,0,2,standard,1,,James Talarico,D,Ken Paxton,R,R,,1,John Cornyn,0,-5.92,0,0,0,
SEN_VA_2026,senate,VA,,0,2,standard,1,,Mark Warner,D,Bert Mizusawa,R,D,Mark Warner,0,,0,3.49,0,0,0,
SEN_WV_2026,senate,WV,,0,2,standard,1,,Rachel Fetty Anderson,D,Shelley Moore Capito,R,R,Shelley Moore Capito,0,,0,-20.96,0,0,0,
SEN_WY_2026,senate,WY,,0,2,standard,1,,James Byrd,D,Harriet Hageman,R,R,,1,Cynthia M. Lummis,0,-23.23,0,0,0,
